symbol,news
NRT,[]
CBE,[]
ACSAY,[]
PLT,[]
PPIH,[]
TAYD,[]
RWEOY,[]
LLESY,[]
UNVR,[]
NWAX,[]
WBMD,[]
MCHX,[]
HWKN,[]
THD,[]
CATY,[]
GPI,[]
WTFC,[]
WTBA,[]
RFIL,[]
QAT,[]
RSPG,[]
JNS,[]
PAREXEL,[]
ETRN,[]
FDO,[]
ZI,[]
MHS,[]
DTW,[]
BRKS,[]
RJET,[]
DIFTY,[]
BIG,[]
DO,[]
RAI,[]
QUAD,[]
RVP,[]
SPLS,[]
PAIYY,[]
ADME,[]
SCHJ,[]
NPFE,[]
MRO,[]
SMS,[]
ENTX,[]
ETFC,[]
NRP,[]
AGO,[]
SIEB,[]
SOMMY,[]
FCFS,[]
AAXN,[]
LIVE,[]
ENBA,[]
MIL,[]
XNTK,[]
CGASY,[]
DIM,[]
PMTS,[]
QQXT,[]
ZKP,[]
ENV,[]
UPLD,[]
ASPU,[]
GMCR,[]
GAMI,[]
USDP,[]
NBR,[]
MUSA,[]
VDC,[]
RCM,[]
LGND,[]
THQ,[]
NBTB,[]
SPXV,[]
CRT,[]
CHE,[]
MTNOY,[]
NRO,[]
ACT,[]
MESH,[]
MDIBY,[]
CCE,[]
NARI,[]
FDC,[]
ITHA,[]
FINX,[]
SPRO,[]
HAR,[]
CELG,[]
EMC,[]
CONE,[]
WYND,[]
XCHG,[]
NHC,[]
AV,[]
ODP,[]
SONVY,[]
HURN,[]
JNY,[]
HNORY,[]
CAC,[]
UMPQ,[]
AAMI,[]
GRTX,[]
CNL,[]
UUGRY,[]
CMLSQ,[]
SNI,[]
WLDN,[]
SLXP,[]
VMSB,[]
SVVC,[]
RSPC,[]
SYBT,[]
STRA,[]
ECTM,[]
KAR,[]
NGL,[]
WHF,[]
AAUA,[]
SPKKY,[]
MDR,[]
KSU,[]
LFUS,[]
SBOEY,[]
CLWT,[]
ACGBY,[]
NXST,[]
OZRK,[]
SOUHY,[]
CETXP,[]
MSCC,[]
DISCA,[]
BGR,[]
CLGX,[]
XTEPY,[]
ATNI,[]
ULVM,[]
PMM,[]
YCL,[]
QCLN,[]
UEIC,[]
ISIL,[]
AXR,[]
DAX,[]
FAAR,[]
CWT,[]
EMHY,[]
IOR,[]
SMDV,[]
CHT,[]
PBTP,[]
XPH,[]
SPXC,[]
APT,[]
ATGFF,[]
ERH,[]
HURC,[]
SIX,[]
WR,[]
SFG,[]
RELL,[]
HOT,[]
EBIZ,[]
RGP,[]
TSYS,[]
BKFI,[]
LVLT,[]
SR,[]
WTRE,[]
ROKT,[]
DBD,[]
NPSNY,[]
LLYVB,[]
AIN,[]
ALOV,[]
LEO,[]
CBAT,[]
NJDCY,[]
FRFHF,[]
SOCL,[]
GROW,[]
ANR,[]
ILCV,[]
MTAL,[]
VHT,[]
WNR,[]
FSGS,[]
PBD,[]
BOSC,[]
ROVI,[]
EVHC,[]
RSH,[]
CET,[]
RX,[]
RBB,[]
FEX,[]
ANDV,[]
DPS,[]
IGT,[]
ADVS,[]
CHKR,[]
TRS,[]
FNGO,[]
FSTR,[]
DRC,[]
LNW,[]
ENDP,[]
PLSE,[]
BAND,[]
PPHC,[]
SATA,[]
BLFS,[]
GAS,[]
DAO,[]
OMRNY,[]
WTS,[]
CDNL,[]
MUC,[]
PAG,[]
CASS,[]
KFT,[]
CCXI,[]
UCC,[]
GII,[]
IBMP,[]
MTRN,[]
WISD,[]
NAII,[]
RIV,[]
AEYE,[]
BELFB,[]
WSR,[]
SMMV,[]
QMOM,[]
CARV,[]
PAM,[]
EGP,[]
LXFR,[]
BYSI,[]
SSUMY,[]
CVET,[]
SAFE,[]
PBOG,[]
MAYS,[]
JNPR,[]
IRIX,[]
BSAC,[]
FRE,[]
APELY,[]
GLQ,[]
EGN,[]
ABS,[]
FONR,[]
XL,[]
JPPYY,[]
VIOT,[]
SHBI,[]
SMP,[]
CHCT,[]
KATE,[]
AADR,[]
PSCD,[]
HRTG,[]
BMR,[]
PTOR,[]
BOOM,[]
HYI,[]
DWX,[]
EMA,[]
GJR,[]
HSC,[]
CPK,[]
CEVIY,[]
IDA,[]
GGP,[]
STJ,[]
FB,[]
BZLFY,[]
IIIV,[]
AIT,[]
PEYUF,[]
QEP,[]
WPG,[]
CPGX,[]
ATGE,[]
AMADY,[]
LLL,[]
ULBI,[]
SVA,[]
ETON,[]
ENH,[]
BITW,[]
RCS,[]
JFIN,[]
SKX,[]
NEWT,[]
LEMB,[]
SITM,[]
CURE,[]
TVC,[]
CLI,[]
RXL,[]
BIXI,[]
MDRX,[]
FMX,[]
ESV,[]
JCOM,[]
BSM,[]
UTF,[]
CTLT,[]
MUNI,[]
MGRC,[]
GUT,[]
PDX,[]
R,[]
DRIV,[]
CMSA,[]
FNM,[]
LDUR,[]
LXK,[]
BBHM,[]
FCVT,[]
ADAMN,[]
RVLPQ,[]
DAY,[]
MVV,[]
PDCO,[]
PLPC,[]
SBSI,[]
CADE,[]
CNS,[]
ASNA,[]
IAA,[]
FEIM,[]
BLCO,[]
TGI,[]
FBIOP,[]
ELMD,[]
VREX,[]
IESFY,[]
SLR,[]
ARDC,[]
IHF,[]
LQDI,[]
DDM,[]
ESE,[]
MDYV,[]
CCRN,[]
XAGG,[]
INCR,[]
SVU,[]
MDSO,[]
CRESY,[]
LOGM,[]
ESL,[]
RDI,[]
CBNK,[]
MPW,[]
ACCS,[]
CNMD,[]
ANSS,[]
ILCG,[]
PCS,[]
LUNA,[]
TMTS,[]
PSCU,[]
ULTI,[]
APOL,[]
UG,[]
LSAK,[]
LUKOY,[]
PNRA,[]
MPJPY,[]
SOMLY,[]
WFM,[]
CWS,[]
HQL,[]
ROYTL,[]
TR,[]
XZO,[]
IETC,[]
NANR,[]
NSIT,[]
QTRN,[]
DTEGY,[]
ISTB,[]
XLNX,[]
NUTX,[]
VGM,[]
ENSG,[]
RZG,[]
FSRCY,[]
BCR,[]
PKX,[]
NVEC,[]
VBK,[]
MYI,[]
AQEC,[]
RE,[]
GLPEY,[]
ACE,[]
PBEU,[]
ESGOF,[]
GPS,[]
BKRKY,[]
FLLA,[]
NATI,[]
DDS,[]
KIDS,[]
NULG,[]
KLDO,[]
NHYDY,[]
VSHY,[]
CHEF,[]
SAAQ,[]
DBVT,[]
AGN,[]
EDR,[]
NMCO,[]
HGLB,[]
FUPBY,[]
DLHC,[]
CCR,[]
RZB,[]
DWDP,[]
MFM,[]
IEDI,[]
UHT,[]
DQJCY,[]
COG,[]
TGS,[]
ICFI,[]
VMD,[]
CIK,[]
SECU,[]
FICO,[]
CTXS,[]
LOB,[]
HCKT,[]
TUSK,[]
DAVA,[]
PBCT,[]
JBSS,[]
CST,[]
GOEX,[]
MJN,[]
TYC,[]
SFTX,[]
JEC,[]
INFU,[]
IEAG,[]
EBKDY,[]
CAA,[]
TRAK,[]
GDEN,[]
JMM,[]
ESTA,[]
PNTG,[]
GHY,[]
RHEP,[]
MIGO,[]
BWAY,[]
PDCE,[]
CIVI,[]
ESRX,[]
IQDF,[]
IIVI,[]
TCO,[]
HQH,[]
VMI,[]
WCG,[]
ILPT,[]
AMUB,[]
LO,[]
HPH,[]
EWUS,[]
CCP,[]
RFDI,[]
KELYA,[]
ARNC,[]
NMIH,[]
BEAV,[]
ILLU,[]
LNCE,[]
BLOK,[]
ALRM,[]
FTR,[]
CACI,[]
HOCPY,[]
VAMO,[]
TKOMY,[]
TBC,[]
BIVV,[]
QLTA,[]
PSF,[]
TMCR,[]
POWR,[]
FLSW,[]
CSAL,[]
PSCT,[]
CY,[]
FMNB,[]
SAMG,[]
TTDKY,[]
SXT,[]
EV,[]
ACA,[]
STOR,[]
HSNI,[]
DGICA,[]
BCPL,[]
LSI,[]
NYX,[]
SBXE,[]
COKE,[]
PDEC,[]
VSMV,[]
GRN,[]
NVGS,[]
BXLT,[]
GWR,[]
HSP,[]
LINC,[]
BDC,[]
PRT,[]
DEW,[]
SRC,[]
LMB,[]
SBB,[]
OPHC,[]
PWS,[]
ENFY,[]
CVG,[]
GENNQ,[]
AMED,[]
TSS,[]
ANGO,[]
CLBR,[]
PLXS,[]
CPWR,[]
IPWR,[]
TLTD,[]
WRI,[]
VCX,[]
IRMD,[]
JOYG,[]
XLS,[]
PRAH,[]
TFIN,[]
KMTUY,[]
ASUR,[]
CFX,[]
CTJHY,[]
SAI,[]
DJD,[]
MHF,[]
CA,[]
PNBK,[]
FCTR,[]
GJO,[]
CEW,[]
CLPS,[]
STR,[]
WPX,[]
PXI,[]
ELLO,[]
MENT,[]
KBON,[]
SAFM,[]
RVBD,[]
BJUN,[]
ERIE,[]
ACC,[]
CHS,[]
SD,[]
MAURY,[]
HNT,[]
Y,[]
SIXG,[]
DY,[]
GENZ,[]
ARGX,[]
PERI,[]
USMF,[]
TIF,[]
KOCT,[]
MFE,[]
CVC,[]
CMD,[]
DLX,[]
CXO,[]
NABZY,[]
PTV,[]
GABC,[]
ACGLO,[]
BTZ,[]
RIGS,[]
NGVT,[]
BLLN,[]
ROCK,[]
SHEN,[]
ITOCY,[]
LTC,[]
SREA,[]
DWM,[]
XBIT,[]
INFIQ,[]
ANDG,[]
MDP,[]
GTOP,[]
BRAI,[]
BCSS,[]
MEE,[]
MSBI,[]
UNICY,[]
NSR,[]
SUB,[]
UTMD,[]
GASS,[]
LZAGY,[]
PBUS,[]
RBC,[]
ATMP,[]
GNCAQ,[]
PSL,[]
HLS,[]
MIME,[]
RNGT,[]
PCH,[]
TEG,[]
TVE,[]
PIE,[]
MCS,[]
NCC,[]
VAR,[]
SBR,[]
CZFS,[]
UAN,[]
DCT,[]
GLBZ,[]
BBCQ,[]
EMQQ,[]
LPNT,[]
FHLC,[]
APYX,[]
MLPI,[]
DSDVY,[]
MNDO,[]
PDS,[]
FXO,[]
EONGY,[]
CSC,[]
TELA,[]
PRTC,[]
ATVI,[]
ALTM,[]
BID,[]
TREE,[]
VSTO,[]
ALXN,[]
MLPB,[]
ADS,[]
BKMI,[]
XHS,[]
NVLS,[]
OA,[]
CAB,[]
NBL,[]
MIK,[]
PTH,[]
PETM,[]
TCF,[]
IACO,[]
MWW,[]
FCS,[]
GIX,[]
ECF,[]
PCL,[]
OMX,[]
TMVE,[]
TX,[]
FET,[]
IDTI,[]
FEIC,[]
DYAI,[]
COL,[]
SVIV,[]
DUKB,[]
BRC,[]
RGA,[]
INKM,[]
HKXCY,[]
TRB,[]
SRCL,[]
DGRE,[]
EP,[]
III,[]
VHCP,[]
VOC,[]
DWA,[]
ZURVY,[]
BIO,[]
PSEP,[]
TCBK,[]
EIKN,[]
MARPS,[]
WWAV,[]
TRMK,[]
FSS,[]
XTO,[]
FCRS,[]
INSE,[]
SQS,[]
FITBO,[]
SOJC,[]
NOEQ,[]
AN,[]
NOVL,[]
EMP,[]
BHV,[]
REVS,[]
FORTY,[]
KRYS,[]
JOY,[]
CQP,[]
DOL,[]
OIM,[]
BACHY,[]
PSCH,[]
CIX,[]
DTV,[]
DFS,[]
DISCK,[]
PRK,[]
MITSY,[]
TIME,[]
PVTB,[]
GRNJ,[]
RRD,[]
MLAB,[]
BDRLQ,[]
SCM,[]
SMOG,[]
MEVO,[]
SAH,[]
MBIN,[]
DNKN,[]
MHH,[]
FFA,[]
RWO,[]
PRXL,[]
CDK,[]
YUMAQ,[]
PXE,[]
CEPV,[]
MTX,[]
LLYVK,[]
VMET,[]
PKBK,[]
RCMT,[]
OSIS,[]
BWLD,[]
MBGYY,[]
FIX,[]
LOOP,[]
CVH,[]
GHM,[]
PCF,[]
HDMV,[]
JSM,[]
APPF,[]
BHR,[]
AHL,[]
TRUP,[]
GMTL,[]
SIEGY,[]
CERN,[]
FCN,[]
FYBR,[]
KFFB,[]
UFS,[]
CUBI,[]
TSO,[]
CPYYY,[]
JDSU,[]
MGEE,[]
ALRS,[]
CRMT,[]
CYT,[]
CHCO,[]
FNWB,[]
BGSI,[]
CMSD,[]
ABMD,[]
IXJ,[]
KWR,[]
CMRE,[]
DPG,[]
CLECO,[]
RAD,[]
GLOO,[]
DNB,[]
ALTR,[]
HVRRY,[]
STXS,[]
GYLD,[]
SSMXY,[]
EMTY,[]
WFG,[]
LM,[]
SUSC,[]
GRA,[]
INGN,[]
FPF,[]
AOL,[]
DF,[]
PROF,[]
KYN,[]
CVSA,[]
LPT,[]
EJPRY,[]
SWRAY,[]
SWDBY,[]
GSEU,[]
TDIV,[]
SRNE,[]
THS,[]
LAD,[]
PBYI,[]
REZ,[]
KNYJY,[]
HIX,[]
TWTR,[]
THG,[]
XCEM,[]
BGIN,[]
AMKBY,[]
BDCZ,[]
KDDIY,[]
MRBK,[]
UAPR,[]
NUCL,[]
TBI,[]
KGRN,[]
APC,[]
TCBI,[]
BVILY,[]
XT,[]
BHE,[]
FRC,[]
PUI,[]
STN,[]
RONB,[]
MODG,[]
MMU,[]
TMSNY,[]
AX,[]
NSM,[]
JOE,[]
SYNE,[]
RMNI,[]
ARLP,[]
SXI,[]
KRMD,[]
DSAC,[]
FSMD,[]
TBRG,[]
SLE,[]
LUK,[]
DNR,[]
EWX,[]
SJT,[]
WGL,[]
MON,[]
DGICB,[]
ALE,[]
CKHUY,[]
EPHE,[]
SPXE,[]
SKHHY,[]
HFC,[]
ADDYY,[]
HGKGY,[]
CMCSK,[]
QTUM,[]
SVNDY,[]
CBU,[]
BOH,[]
BJS,[]
DJ,[]
GHC,[]
KNSL,[]
SNV,[]
RCII,[]
NCR,[]
WIN,[]
STOT,[]
EWQ,[]
VTHR,[]
EVN,[]
INFO,[]
PPS,[]
ORKLY,[]
GUSE,[]
GDV,[]
SIVB,[]
SIF,[]
IQDG,[]
CTTAY,[]
FAN,[]
DCO,[]
CLMB,[]
DBSDY,[]
HSTM,[]
STL,[]
ICOW,[]
HNZ,[]
APXT,[]
BGMSP,[]
OVF,[]
INMB,[]
APY,[]
EVTC,[]
VIOO,[]
FEM,[]
CLOU,[]
LIFE,[]
KPCPY,[]
GXP,[]
CMII,[]
MRAAY,[]
ECON,[]
VTC,[]
VACI,[]
CSLLY,[]
X,[]
RWR,[]
MNK,[]
ZTR,[]
MEAR,[]
HTA,[]
CHX,[]
PW,[]
ARCI,[]
ABK,[]
FMER,[]
AZPN,[]
KRFT,[]
BHI,[]
VEGA,[]
BERY,[]
PSB,[]
ENS,[]
MGPI,[]
OMI,[]
LECO,[]
JCP,[]
KG,[]
MEDP,[]
ROSC,[]
MCHB,[]
BELFA,[]
CIZN,[]
CPF,[]
RMBI,[]
PWCDF,[]
FBHS,[]
DBE,[]
IDCC,[]
SBL,[]
ONEXF,[]
CTX,[]
TRAX,[]
MXC,[]
DISH,[]
FENC,[]
CNOB,[]
PRFZ,[]
NYM,[]
GLK,[]
OFS,[]
AEAQ,[]
FLIR,[]
DLNG,[]
MOLX,[]
CUT,[]
SYNH,[]
SFYF,[]
IFLN,[]
SLH,[]
SBNY,[]
PRLB,[]
CHI,[]
XTNT,[]
LLYVA,[]
PACW,[]
SPFI,[]
AACI,[]
UGE,[]
AET,[]
PATK,[]
SCSC,[]
LEH,[]
BMOP,[]
IDN,[]
CEB,[]
DKL,[]
KORS,[]
NLR,[]
CFC,[]
AGX,[]
BRCM,[]
BWEN,[]
ATW,[]
GOTU,[]
CRAN,[]
FNFG,[]
OTTR,[]
KOF,[]
MXIM,[]
FSI,[]
FCBC,[]
SCG,[]
SWI,[]
CTSO,[]
VSM,[]
KORP,[]
TPICQ,[]
HNG,[]
XAR,[]
DMLP,[]
ILG,[]
FRHLF,[]
AMSG,[]
ILCB,[]
EGRX,[]
HVT,[]
SPIEQ,[]
WRLD,[]
AZZ,[]
NFX,[]
SUNC,[]
EVOX,[]
QCP,[]
ALUB,[]
BRES,[]
MBFI,[]
GNE,[]
SPN,[]
SIRO,[]
EIG,[]
USL,[]
NUVA,[]
TSG,[]
CTS,[]
RHT,[]
CEFS,[]
TOLZ,[]
PCP,[]
FPEI,[]
SUSB,[]
GRUB,[]
CSUAY,[]
RAX,[]
FJTSY,[]
PGN,[]
SCANA,[]
NVR,[]
SIAL,[]
PNRG,[]
THFF,[]
KAOOY,[]
AVP,[]
STI,[]
SGP,[]
CAPL,[]
EAD,[]
EGAN,[]
CDL,[]
RTN,[]
HES,[]
FISI,[]
IYM,[]
FRCHL,[]
AGYS,[]
NLSN,[]
TWX,[]
FOF,[]
WBA,[]
SSD,[]
CLB,[]
LII,[]
EMLP,[]
HIPO,[]
TCMD,[]
IFNNY,[]
AYI,[]
UMICY,[]
ERI,[]
OTLY,[]
OCIO,[]
HLAL,[]
NNVC,[]
GEL,[]
XMVM,[]
AGZ,[]
SVNLY,[]
GJT,[]
GRWG,[]
XBOX,[]
AVTM,[]
SGMS,[]
AJNMY,[]
PHIN,[]
IPO,[]
VIAB,[]
SDHC,[]
WOR,[]
SORN,[]
NVZMY,[]
CAM,[]
RNGR,[]
KRAQ,[]
PESI,[]
THW,[]
CIT,[]
EVX,[]
SPXCY,[]
GF,[]
SWY,[]
LEGR,[]
WETF,[]
MBIA,[]
LKFN,[]
KRSP,[]
HCIC,[]
ETD,[]
CMPR,[]
IDE,[]
ANIK,[]
ATML,[]
AGMB,[]
RHHBY,[]
ACWX,[]
MVBF,[]
EPM,[]
COO,[]
SUBCY,[]
SARO,[]
ES,[]
PRSP,[]
ATEC,[]
CCOJY,[]
CZR,[]
BA,[]
SCHO,[]
SRG,[]
BUSE,[]
SZNE,[]
ELMT,[]
PI,[]
FLGT,[]
WLTW,[]
K,[]
BUD,[]
CDAY,[]
GLPG,[]
TMST,[]
EL,[]
UTHR,[]
LDW,[]
COLM,[]
SNDR,[]
ZBRA,[]
MANH,[]
CGC,[]
CWH,[]
EME,[]
IESC,[]
PLL,[]
COST,[]
ZKPU,[]
PXD,[]
TPVG,[]
OSUR,[]
NNY,[]
ESS,[]
IWM,[]
TDY,[]
BLX,[]
ACAA,[]
LFAC,[]
CVS,[]
HFWA,[]
CSRA,[]
OXBRW,[]
TER,[]
KHC,[]
MSC,[]
UMH,[]
ACES,[]
IX,[]
LOUP,[]
FOX,[]
NDSN,[]
LHO,[]
TXRH,[]
CHTR,[]
RELX,[]
UNIT,[]
XHE,[]
IQ,[]
MTD,[]
MKSI,[]
ETHB,[]
KEY,[]
AACO,[]
INFY,[]
MDC,[]
AKTS,[]
PRN,[]
NRG,[]
CFN,[]
GEHC,[]
CASY,[]
DK,[]
ELME,[]
STLD,[]
AGBK,[]
KLRA,[]
HPI,[]
AVY,[]
PFE,[]
BLK,[]
WES,[]
CW,[]
OI,[]
MIELY,[]
CPSH,[]
ALKT,[]
MYN,[]
CEPH,[]
KOS,[]
URI,[]
WEX,[]
DWSH,[]
GBFH,[]
WFRD,[]
RKLB,[]
VVC,[]
BIV,[]
VMO,[]
BMY,[]
WRAP,[]
KO,[]
CERS,[]
LEGO,[]
COV,[]
AMG,[]
CNC,[]
LHCG,[]
MC,[]
SSEZY,[]
UPWK,[]
CGW,[]
AMS,[]
DRE,[]
LADR,[]
DLTR,[]
TWC,[]
SRTS,[]
FULT,[]
TSEM,[]
INT,[]
WY,[]
HRS,[]
BWIN,[]
ALK,[]
BBHL,[]
CG,[]
LMAT,[]
RBA,[]
SATS,[]
WW,[]
DSGN,[]
SOHU,[]
MFLX,[]
BTX,[]
KMDA,[]
BKR,[]
EMD,[]
BALL,[]
CLPR,[]
KEQU,[]
ROST,[]
FTNT,[]
SO,[]
CHMI,[]
BAESY,[]
PBW,[]
NWS,[]
ARRS,[]
CCMP,[]
S,[]
ENFR,[]
ADAPY,[]
CNM,[]
TAP,[]
EFZ,[]
TDW,[]
OLED,[]
CTVA,[]
CVEO,[]
PNW,[]
RVTY,[]
COMT,[]
ALKS,[]
XEC,[]
BWA,[]
MDT,[]
PLMR,[]
CMPGY,[]
CMA,[]
KYOCY,[]
TDG,[]
TREX,[]
BROS,[]
BURL,[]
MLAA,[]
ALYAF,[]
GALT,[]
SSYS,[]
NOCT,[]
EWJV,[]
BLZR,[]
WAFU,[]
ASIC,[]
VKTX,[]
SMSGY,[]
WLP,[]
WST,[]
DLR,[]
HACQ,[]
ACIW,[]
MATW,[]
VRTX,[]
KFRC,[]
JLL,[]
JWN,[]
EOG,[]
ED,[]
CDNS,[]
RIO,[]
MTG,[]
AEM,[]
URA,[]
MITK,[]
OPPJ,[]
BMC,[]
BBG,[]
PK,[]
SOLS,[]
MTN,[]
ADI,[]
FRX,[]
DNL,[]
ICUI,[]
CHFC,[]
EG,[]
MG,[]
GLD,[]
PBH,[]
EQT,[]
OIA,[]
DMAC,[]
NOVT,[]
JAH,[]
ENPH,[]
EVRG,[]
OLLI,[]
SYK,[]
MIST,[]
RNP,[]
ARG,[]
CMSC,[]
AYE,[]
HOG,[]
HBI,[]
HLNE,[]
SOLV,[]
PCLN,[]
PHAT,[]
SDVKY,[]
ETR,[]
GDS,[]
AAOI,[]
HRC,[]
FXH,[]
MPT,[]
FLKR,[]
TOELY,[]
DPZ,[]
MCK,[]
FLT,[]
EQY,[]
DMII,[]
WMS,[]
SHOP,[]
PR,[]
MTR,[]
TLAB,[]
IMXI,[]
POWI,[]
SYF,[]
NXP,[]
FDEM,[]
WFR,[]
TGEN,[]
TECD,[]
ESGV,[]
PIPR,[]
IRT,[]
WING,[]
MZYX,[]
SOYB,[]
PDSB,[]
MIDU,[]
RSPH,[]
IYF,[]
ICMB,[]
SAC,[]
EEFT,[]
APP,[]
NBHC,[]
PSK,[]
CLC,[]
ERTH,[]
SPHB,[]
AXTA,[]
CPE,[]
RBLX,[]
KSE,[]
CABO,[]
YHOO,[]
PFFR,[]
WWE,[]
REFR,[]
SCHM,[]
EPSN,[]
EK,[]
LIVN,[]
BSBR,[]
IDOG,[]
FMC,[]
APH,[]
RDC,[]
HBM,[]
GTLS,[]
ASH,[]
AVGO,[]
PYPL,[]
CCNE,[]
OVM,[]
KLXI,[]
CSTM,[]
PFXF,[]
GR,[]
CTRE,[]
CDP,[]
REX,[]
TEX,[]
AIRC,[]
STNE,[]
SWN,[]
FENY,[]
BZUN,[]
ROL,[]
AIVL,[]
GRBK,[]
CCU,[]
QRVO,[]
STWD,[]
CTB,[]
SWAV,[]
CIEN,[]
SHV,[]
PVL,[]
EPC,[]
AZREF,[]
FATE,[]
FSR,[]
CSWC,[]
RLGY,[]
GPOR,[]
LLTC,[]
MMIN,[]
VVV,[]
PICS,[]
BS,[]
PFGC,[]
ELY,[]
TIE,[]
ARTC,[]
PNR,[]
DWMF,[]
EFOR,[]
MMYT,[]
SUN,[]
FVAV,[]
HTT,[]
CBZ,[]
RITM,[]
BLD,[]
LQDH,[]
TMFC,[]
TAK,[]
DALI,[]
BZH,[]
DBCA,[]
CNXC,[]
KD,[]
PCRX,[]
DSGR,[]
SII,[]
KBWY,[]
ISCA,[]
YETI,[]
MBI,[]
QLYS,[]
SBGI,[]
TCX,[]
CORB,[]
WDR,[]
AMGN,[]
NATH,[]
OAS,[]
EW,[]
TXG,[]
SPY,[]
GEV,[]
IR,[]
SAIL,[]
NEWTL,[]
SNAP,[]
FSLR,[]
GES,[]
BNTX,[]
AZN,[]
BCPC,[]
EDAP,[]
IM,[]
IPG,[]
BIIB,[]
NINE,[]
EXPE,[]
SCOR,[]
UNT,[]
JMIA,[]
MCY,[]
CHCI,[]
BSY,[]
WYN,[]
RHEPA,[]
SIMO,[]
ADAM,[]
LOPE,[]
RHP,[]
FII,[]
BKMS,[]
EZPW,[]
MLM,[]
TUP,[]
HSIC,[]
FMBH,[]
AWRE,[]
ITIC,[]
NAVN,[]
ASTE,[]
AMCX,[]
FPI,[]
MSEX,[]
NWPX,[]
COIN,[]
REG,[]
ACAS,[]
IJK,[]
XEL,[]
POM,[]
MDB,[]
CIBEY,[]
MDXG,[]
BMS,[]
PBPH,[]
DBX,[]
NVO,[]
CMP,[]
BRCD,[]
TBPH,[]
GWW,[]
VC,[]
CHK,[]
MMI,[]
NJR,[]
CLX,[]
PRGO,[]
DRQ,[]
DOCS,[]
AKS,[]
DVA,[]
HCBK,[]
AAEQ,[]
SSL,[]
PLCM,[]
GSBD,[]
AMSC,[]
UFPI,[]
DST,[]
PSEC,[]
SJB,[]
CODA,[]
KURE,[]
DNKEY,[]
CGAU,[]
MXI,[]
WCN,[]
VRNS,[]
FL,[]
DLPH,[]
CRI,[]
ATR,[]
TBCH,[]
AMRC,[]
VRSK,[]
PEP,[]
JBTM,[]
ALNY,[]
EQH,[]
CGNX,[]
CHRD,[]
VMC,[]
APLS,"[{'title': 'Apellis Pharmaceuticals, Inc. (APLS) Expected to Beat Earnings Estimates: Should You Buy?', 'publisher': 'Zacks', 'link': 'https://finance.yahoo.com/markets/stocks/articles/apellis-pharmaceuticals-inc-apls-expected-140027758.html', 'summary': 'Apellis Pharmaceuticals (APLS) possesses the right combination of the two key ingredients for a likely earnings beat in its upcoming report. Get prepared with the key expectations.', 'pub_date': '2026-04-29T14:00:27Z', 'formatted_date': '04-29-2026'}]"
PTC,[]
GOGO,[]
VCYT,[]
HLI,[]
NBIX,[]
ICHR,[]
AKAM,[]
YSS,[]
GDYN,[]
BXMT,"[{'title': 'Blackstone Mortgage Trust (BXMT) Tops Q1 Earnings and Revenue Estimates', 'publisher': 'Zacks', 'link': 'https://finance.yahoo.com/markets/stocks/articles/blackstone-mortgage-trust-bxmt-tops-122503813.html', 'summary': 'Blackstone Mortgage (BXMT) delivered earnings and revenue surprises of +30.08% and +0.04%, respectively, for the quarter ended March 2026. Do the numbers hold clues to what lies ahead for the stock?', 'pub_date': '2026-04-29T12:25:03Z', 'formatted_date': '04-29-2026'}]"
MAT,[]
VIRT,[]
ONTO,[]
TEAM,[]
VYGR,[]
CAT,[]
ET,[]
WLK,[]
APD,[]
FTAI,"[{'title': 'Are Aerospace Stocks Lagging  FTAI Aviation Ltd. (FTAI) This Year?', 'publisher': 'Zacks', 'link': 'https://finance.yahoo.com/markets/stocks/articles/aerospace-stocks-lagging-ftai-aviation-134003945.html', 'summary': 'Here is how FTAI Aviation (FTAI) and Textron (TXT) have performed compared to their sector so far this year.', 'pub_date': '2026-04-29T13:40:03Z', 'formatted_date': '04-29-2026'}]"
PBI,[]
GRID,[]
MDLN,[]
PZZA,[]
BP,[]
WKC,[]
VICR,[]
CVI,[]
CCK,[]
MGY,"[{'title': 'Magnolia Oil & Gas Corp (MGY) Expected to Beat Earnings Estimates: Should You Buy?', 'publisher': 'Zacks', 'link': 'https://finance.yahoo.com/markets/stocks/articles/magnolia-oil-gas-corp-mgy-140021389.html', 'summary': 'Magnolia Oil & Gas Corp (MGY) possesses the right combination of the two key ingredients for a likely earnings beat in its upcoming report. Get prepared with the key expectations.', 'pub_date': '2026-04-29T14:00:21Z', 'formatted_date': '04-29-2026'}]"
BVN,[]
QFIN,[]
GTM,[]
LCID,[]
MLSS,[]
TOWN,[]
ALMR,[]
E,[]
MELI,[]
ISRG,"[{'title': ""Is ISRG's International Weakness a Temporary Drag or Structural Risk?"", 'publisher': 'Zacks', 'link': 'https://finance.yahoo.com/markets/stocks/articles/isrgs-international-weakness-temporary-drag-123100593.html', 'summary': 'Intuitive Surgical faces mixed international trends as China pressure and Japan delays cloud otherwise strong OUS growth outlook.', 'pub_date': '2026-04-29T12:31:00Z', 'formatted_date': '04-29-2026'}]"
NVDA,[]
SLAB,[]
TU,[]
AMRX,[]
EMXC,[]
RIOT,[]
YUM,[]
ZD,[]
UBSI,[]
TTEK,"[{'title': 'Tetra Tech (TTEK) Q1 Earnings: What To Expect', 'publisher': 'StockStory', 'link': 'https://finance.yahoo.com/markets/stocks/articles/tetra-tech-ttek-q1-earnings-054055267.html', 'summary': 'Environmental engineering firm Tetra Tech (NASDAQ:TTEK) will be announcing earnings results this Wednesday afternoon. Here’s what to look for.', 'pub_date': '2026-04-28T05:40:55Z', 'formatted_date': '04-28-2026'}]"
DVN,[]
XE,[]
HRZN,[]
EXR,[]
OCUL,[]
MTZ,[]
IEX,[]
GTES,[]
PBF,[]
AVUV,"[{'title': '3 Small-Cap Value ETFs Poised to Outperform in 2026 as Fed Rate Cuts Accelerate Returns', 'publisher': '24/7 Wall St.', 'link': 'https://247wallst.com/investing/2026/04/24/3-small-cap-value-etfs-poised-to-outperform-in-2026-as-fed-rate-cuts-accelerate-returns/', 'summary': 'Small-cap value spent years playing second fiddle to large-cap growth, especially as everyone piled into just a few tech giants. But the vibe heading into the middle of 2026 is shifting. The Federal Reserve has been active, cutting rates down to the 3.50% to 3.75% range over the last year. Even with the 10-year Treasury ... 3 Small-Cap Value ETFs Poised to Outperform in 2026 as Fed Rate Cuts Accelerate Returns', 'pub_date': '2026-04-24T18:08:34Z', 'formatted_date': '04-24-2026'}]"
INVA,[]
LXP,[]
AIFC,[]
FNB,[]
NTCT,[]
HOOD,[]
WU,[]
JBL,[]
OPCH,[]
AM,"[{'title': ""Kinder Morgan's Q1 Earnings Beat on Natural Gas Pipeline Strength"", 'publisher': 'Zacks', 'link': 'https://finance.yahoo.com/sectors/energy/articles/kinder-morgans-q1-earnings-beat-134000543.html', 'summary': ""KMI's bottom line beats Q1 2026 estimates as Natural Gas Pipelines drive earnings, with strong volumes and a $10.1B backlog supporting growth outlook."", 'pub_date': '2026-04-23T13:40:00Z', 'formatted_date': '04-23-2026'}]"
WWD,[]
NYT,[]
EHC,[]
TAC,[]
AMBA,[]
SSB,[]
INTC,[]
NTGR,[]
SCHG,[]
HCC,"[{'title': 'A Look At Warrior Met Coal (HCC) Valuation As Blue Creek Project And Earnings Metrics Draw Focus', 'publisher': 'Simply Wall St.', 'link': 'https://finance.yahoo.com/markets/stocks/articles/look-warrior-met-coal-hcc-030902506.html', 'summary': 'Warrior Met Coal (HCC) is on investors’ radar after recent share price swings, including a 2% daily decline and mixed returns over the past month and past 3 months. This has prompted closer attention to its fundamentals. See our latest analysis for Warrior Met Coal. That 2% one day share price decline sits against a 2.6% 30 day share price return and a much stronger picture over time, with 1 year total shareholder return of 80.9% and 5 year total shareholder return of more than 4x. If this...', 'pub_date': '2026-04-23T03:09:02Z', 'formatted_date': '04-23-2026'}]"
LPLA,[]
BAC,[]
OTEX,[]
RDDT,[]
CCI,[]
RLI,[]
RYAN,[]
MAC,[]
DOCN,[]
ABM,"[{'title': 'Willdan (WLDN) Moves 8.7% Higher: Will This Strength Last?', 'publisher': 'Zacks', 'link': 'https://finance.yahoo.com/markets/stocks/articles/willdan-wldn-moves-8-7-135500670.html', 'summary': 'Willdan (WLDN) was a big mover last session on higher-than-average trading volume. The latest trend in earnings estimate revisions might not help the stock continue moving higher in the near term.', 'pub_date': '2026-04-29T13:55:00Z', 'formatted_date': '04-29-2026'}]"
DHLGY,[]
JAZZ,[]
ESAB,[]
AJG,[]
AAP,[]
BNL,[]
DHR,[]
CORT,[]
IP,[]
MIDD,"[{'title': 'Analysts Estimate Middleby (MIDD) to Report a Decline in Earnings: What to Look Out for', 'publisher': 'Zacks', 'link': 'https://finance.yahoo.com/markets/stocks/articles/analysts-estimate-middleby-midd-report-140032436.html', 'summary': ""Middleby (MIDD) doesn't possess the right combination of the two key ingredients for a likely earnings beat in its upcoming report. Get prepared with the key expectations."", 'pub_date': '2026-04-29T14:00:32Z', 'formatted_date': '04-29-2026'}]"
EBS,[]
MRVL,[]
SOUN,[]
ARM,[]
CCL,[]
BAX,[]
IXC,[]
BKNG,[]
FTI,[]
EQPT,"[{'title': 'EquipmentShare (EQPT) Soars 14% as Business Activity Picks Up', 'publisher': 'Insider Monkey', 'link': 'https://finance.yahoo.com/markets/stocks/articles/equipmentshare-eqpt-soars-14-business-003343208.html', 'summary': 'EquipmentShare.com Inc. (NASDAQ:EQPT) is one of the 10 Stocks Posting Outsized Gains. EquipmentShare saw its share prices climb by 14.20 percent on Thursday to close at $24.53 apiece, as investors appeared to have hunted for bargains, having slashed its prices by 25 percent since its market debut, with optimism helped by the resumption of business […]', 'pub_date': '2026-04-24T00:33:43Z', 'formatted_date': '04-24-2026'}]"
XYZ,[]
MREO,[]
FCEL,[]
BLDP,[]
VYM,[]
AER,[]
CNH,[]
LITX,[]
FLNG,[]
WSM,"[{'title': 'Why Investors Need to Take Advantage of These 2 Retail-Wholesale Stocks Now', 'publisher': 'Zacks', 'link': 'https://finance.yahoo.com/markets/stocks/articles/why-investors-advantage-2-retail-130004576.html', 'summary': 'Why investors should use the Zacks Earnings ESP tool to help find stocks that are poised to top quarterly earnings estimates.', 'pub_date': '2026-04-29T13:00:04Z', 'formatted_date': '04-29-2026'}]"
WMT,[]
BWXT,[]
HCA,[]
WRB,[]
HXL,[]
SPAB,[]
PFS,[]
NEE,[]
CNK,[]
EFV,"[{'title': 'Why Smart Money Is Piling Into EFV as International Value Crushes Domestic Expectations', 'publisher': '24/7 Wall St.', 'link': 'https://247wallst.com/investing/2026/04/09/why-smart-money-is-piling-into-efv-as-international-value-crushes-domestic-expectations/', 'summary': 'Most U.S. investors have spent the last decade watching domestic equities outperform nearly everything else. That run has left international developed markets trading at a steep discount to U.S. stocks, and iShares MSCI EAFE Value ETF (NYSEARCA:EFV) is one of the most direct tools for capturing that gap. What EFV Is Actually Built to Do ... Why Smart Money Is Piling Into EFV as International Value Crushes Domestic Expectations', 'pub_date': '2026-04-09T12:15:35Z', 'formatted_date': '04-09-2026'}]"
OGE,[]
AIG,[]
CVNA,[]
MGM,[]
TWI,[]
PLNT,[]
EGHT,[]
STIM,[]
NWSA,[]
SPLV,"[{'title': 'Should Invesco S&P 500 Low Volatility ETF (SPLV) Be on Your Investing Radar?', 'publisher': 'Zacks', 'link': 'https://finance.yahoo.com/markets/stocks/articles/invesco-p-500-low-volatility-102002593.html', 'summary': 'Style Box ETF report for SPLV', 'pub_date': '2026-04-24T10:20:02Z', 'formatted_date': '04-24-2026'}]"
DX,[]
GSK,[]
LEG,[]
NCLH,[]
VTIP,[]
TME,[]
BYDDY,[]
COCO,[]
WEN,[]
EVR,"[{'title': 'Evercore Inc. Q1 2026 Earnings Call Summary', 'publisher': 'Moby', 'link': 'https://app.moby.co/home/research/tools/earningsCalendar/earnings-evercore-inc-q1-2026-earnings-call-summary?utm_source=yahoo_finance&utm_medium=rss', 'summary': ""Moby summary of Evercore Inc.'s Q1 2026 earnings call"", 'pub_date': '2026-04-29T16:51:10Z', 'formatted_date': '04-29-2026'}]"
BLKB,[]
GIB,[]
TEL,[]
MMM,[]
NSP,[]
LOGI,[]
PRG,[]
ZM,[]
BAH,[]
FE,"[{'title': 'FirstEnergy Sees Revenue Growth in Q1, Earnings Match Estimates', 'publisher': 'Zacks', 'link': 'https://finance.yahoo.com/markets/stocks/articles/firstenergy-sees-revenue-growth-q1-152300048.html', 'summary': ""FE's first-quarter revenues have risen 10.5% to $4.2B, core EPS met estimates and the Energize365 capital plan of $36B for 2026-2030 and full-year guidance are reaffirmed."", 'pub_date': '2026-04-29T15:23:00Z', 'formatted_date': '04-29-2026'}]"
ARE,[]
XIFR,[]
KMT,[]
EXEL,[]
WCLD,[]
AXP,[]
ASTH,[]
W,[]
SUNB,[]
HD,"[{'title': '3 Dividend Stocks to Buy and Hold Forever', 'publisher': 'Motley Fool', 'link': 'https://www.fool.com/investing/2026/04/29/3-dividend-stocks-to-buy-and-hold-forever/', 'summary': 'These stocks have long, proven track records and excellent future opportunities.', 'pub_date': '2026-04-29T16:52:00Z', 'formatted_date': '04-29-2026'}]"
AVB,[]
SLGN,[]
VFF,[]
NOK,[]
BDX,[]
UNFI,[]
ABUS,[]
AON,[]
PBR,[]
MRAM,"[{'title': 'Reframing The Story For Everspin Technologies (MRAM) As Analysts Trim The Price Target', 'publisher': 'Simply Wall St.', 'link': 'https://finance.yahoo.com/markets/stocks/articles/reframing-story-everspin-technologies-mram-160451432.html', 'summary': 'Everspin Technologies is back in focus after analysts revised their price target to $14 from $15, while keeping the fair value estimate steady at $12.50. This adjustment lines up with recent commentary that the core view on the business is intact, with the target tweak reflecting refreshed assumptions rather than a change in conviction. As you read on, you will see how this updated target fits into the evolving analyst narrative and how it could inform the way you track the stock. Stay...', 'pub_date': '2026-04-20T16:04:51Z', 'formatted_date': '04-20-2026'}]"
XLE,[]
GOOGL,[]
RMBS,[]
G,[]
SGRY,[]
AMAT,[]
VNT,[]
PCG,[]
FDS,[]
PAY,"[{'title': 'Euronet Worldwide (EEFT) Beats Q1 Earnings and Revenue Estimates', 'publisher': 'Zacks', 'link': 'https://finance.yahoo.com/markets/stocks/articles/euronet-worldwide-eeft-beats-q1-132004739.html', 'summary': 'Euronet Worldwide (EEFT) delivered earnings and revenue surprises of +11.01% and +5.12%, respectively, for the quarter ended March 2026. Do the numbers hold clues to what lies ahead for the stock?', 'pub_date': '2026-04-29T13:20:04Z', 'formatted_date': '04-29-2026'}]"
EIX,[]
NE,[]
SIG,[]
VIAV,[]
TWLO,[]
GENB,[]
TECH,[]
BHC,[]
DOW,[]
ALDX,"[{'title': '3 Stocks Estimated To Be Trading Below Intrinsic Value By Up To 35.4%', 'publisher': 'Simply Wall St.', 'link': 'https://finance.yahoo.com/markets/stocks/articles/3-stocks-estimated-trading-below-173807377.html', 'summary': 'The United States market has remained flat over the last week but has seen a significant rise of 29% over the past 12 months, with earnings forecasted to grow by 16% annually. In this context, identifying stocks that are trading below their intrinsic value can present compelling opportunities for investors seeking to capitalize on potential growth while navigating current market conditions.', 'pub_date': '2026-04-29T17:38:07Z', 'formatted_date': '04-29-2026'}]"
ARWR,[]
WT,[]
ARVN,[]
TMDX,[]
LTBR,[]
PANW,[]
MTSI,[]
ARDX,[]
WAB,[]
PAYP,"[{'title': 'IPO Stock Of The Week: Japan-Based PayPay Nears First Buy Point As Public Company', 'publisher': ""Investor's Business Daily"", 'link': 'https://www.investors.com/stock-lists/ipo-analysis/paypay-stock-payp-markets-buy-point/?src=A00220&yptr=yahoo', 'summary': 'IPO Stock Of The Week: Japan-based PayPay is approaching its first buy point as a public company. PayPay stock debuted on March 12.', 'pub_date': '2026-04-17T19:50:16Z', 'formatted_date': '04-17-2026'}]"
EQ,[]
LBTYA,[]
TXN,[]
LNG,[]
BHP,[]
CAR,[]
PEB,[]
FTV,[]
FFIV,[]
LTM,"[{'title': 'How The LTM (NSEI:LTM) Story Is Shifting With New Analyst Targets And Fair Value Estimates', 'publisher': 'Simply Wall St.', 'link': 'https://finance.yahoo.com/markets/stocks/articles/ltm-nsei-ltm-story-shifting-230615928.html', 'summary': 'LTM’s analyst fair value has been revised slightly lower to ₹5,302.63 from ₹5,435.49, alongside a separate price target move for Latam Airlines from US$58 to US$53 at one firm. These shifts mirror the mixed tone in recent research, where some upgrades signal confidence in Latam’s execution while others highlight risks around oil prices and margin pressure. As you read on, you will see how these differing views shape the evolving narrative around LTM and what that means for tracking the...', 'pub_date': '2026-04-23T23:06:15Z', 'formatted_date': '04-23-2026'}]"
DTE,[]
DDD,[]
BWX,[]
NVAX,[]
IHI,[]
LH,[]
TEVA,[]
TALO,[]
ETSY,[]
IPGP,"[{'title': 'Penguin Solutions and IPG Photonics Stocks Trade Down, What You Need To Know', 'publisher': 'StockStory', 'link': 'https://finance.yahoo.com/markets/stocks/articles/penguin-solutions-ipg-photonics-stocks-084455789.html', 'summary': 'A number of stocks fell in the afternoon session after a broad selloff swept through the semiconductor industry, sparked by concerns over the future of artificial intelligence spending and rising geopolitical risks.', 'pub_date': '2026-04-29T08:44:55Z', 'formatted_date': '04-29-2026'}]"
FBRT,[]
AKBA,[]
NVST,[]
LDOS,[]
CTRA,[]
CWST,[]
GDX,[]
ATOM,[]
HLT,[]
HTHIY,"[{'title': 'Hitachi (TSE:6501) Valuation Check After Strong 1 Year Return And Current P/E Premium', 'publisher': 'Simply Wall St.', 'link': 'https://finance.yahoo.com/markets/stocks/articles/hitachi-tse-6501-valuation-check-020858196.html', 'summary': 'Recent performance snapshot and context Hitachi (TSE:6501) has drawn fresh attention after recent share price moves, with the stock showing a 0.5% return over the past day and a low double digit gain over the past month. Over the past 3 months, Hitachi has delivered a mid single digit return, while its 1 year total return stands above 40%. These moves are prompting closer scrutiny of its earnings profile and current valuation metrics. See our latest analysis for Hitachi. At a share price of...', 'pub_date': '2026-04-27T02:08:58Z', 'formatted_date': '04-27-2026'}]"
ALGM,[]
HOMB,[]
ELAN,[]
MAN,[]
FDVV,[]
GBR,[]
AMC,[]
NVCR,[]
NFG,[]
PAGS,"[{'title': ""Here's Why PagSeguro Digital Ltd. (PAGS) Fell More Than Broader Market"", 'publisher': 'Zacks', 'link': 'https://finance.yahoo.com/markets/stocks/articles/heres-why-pagseguro-digital-ltd-221503750.html', 'summary': ""PagSeguro Digital Ltd. (PAGS) concluded the recent trading session at $10.11, signifying a -1.37% move from its prior day's close."", 'pub_date': '2026-04-28T22:15:03Z', 'formatted_date': '04-28-2026'}]"
UCON,[]
YPF,[]
POR,[]
XPO,[]
BCO,[]
CIG,[]
SE,[]
ONB,[]
COR,[]
AAPL,"[{'title': ""Apple to report Q2 earnings, first since announcing Ternus as Cook's replacement"", 'publisher': 'Yahoo Finance', 'link': 'https://finance.yahoo.com/news/apple-to-report-q2-earnings-first-since-announcing-ternus-as-cooks-replacement-174442811.html', 'summary': 'Apple to report Q2 earnings after the bell on Thursday.', 'pub_date': '2026-04-29T17:44:42Z', 'formatted_date': '04-29-2026'}]"
GTX,[]
DOC,[]
FR,[]
A,[]
OPK,[]
BOBS,[]
CSIQ,[]
MANE,[]
SITE,[]
ICLN,"[{'title': 'Renewable Energy Is Booming Again', 'publisher': 'Barrons.com', 'link': 'https://www.barrons.com/articles/renewable-solar-energy-iran-war-bb3f0249?siteid=yhoof2&yptr=yahoo', 'summary': 'Solar-energy equipment sales are soaring, signaling a shift to renewables. A move away from oil is affecting the whole spectrum of energy sources.', 'pub_date': '2026-04-24T13:05:00Z', 'formatted_date': '04-24-2026'}]"
UBS,[]
SEM,[]
CRM,[]
VIST,[]
WBS,[]
MMED,[]
VTR,[]
FEZ,[]
LULU,[]
TLH,"[{'title': 'ETF Strategies to Follow as Powell Hints at September Rate Cuts', 'publisher': 'Zacks', 'link': 'https://finance.yahoo.com/news/etf-strategies-powell-hints-september-102400761.html', 'summary': 'Fed Chair Powell signaled a September rate cut, triggering rallies in stocks, bonds and cryptos. ETFs like GOVT, SDIV, SPYG, IBIT, VNQ and XLU are set to gain.', 'pub_date': '2025-08-25T10:24:00Z', 'formatted_date': '08-25-2025'}]"
SWKS,[]
FSLY,[]
DJT,[]
CUZ,[]
JCI,[]
EXPD,[]
ANGX,[]
WIX,[]
SCI,[]
GMED,"[{'title': 'GEHC Q1 Earnings Miss Estimates, Revenues Beat, Net Margin Declines', 'publisher': 'Zacks', 'link': 'https://finance.yahoo.com/sectors/healthcare/articles/gehc-q1-earnings-miss-estimates-162300354.html', 'summary': 'GE HealthCare misses Q1 EPS but tops revenue estimates as Imaging, AVS and PDx growth offset PCS weakness; shares slide due to margin pressure.', 'pub_date': '2026-04-29T16:23:00Z', 'formatted_date': '04-29-2026'}]"
FND,[]
LTRX,[]
AVAV,[]
CWK,[]
LXU,[]
MRK,[]
CFFN,[]
BFLY,[]
LLY,[]
EC,"[{'title': 'Ecopetrol (EC) Ascends While Market Falls: Some Facts to Note', 'publisher': 'Zacks', 'link': 'https://finance.yahoo.com/markets/stocks/articles/ecopetrol-ec-ascends-while-market-215002449.html', 'summary': ""Ecopetrol (EC) concluded the recent trading session at $13.97, signifying a +1.82% move from its prior day's close."", 'pub_date': '2026-04-28T21:50:02Z', 'formatted_date': '04-28-2026'}]"
M,[]
IART,[]
NEOG,[]
PEGA,[]
GRFS,[]
CAH,[]
CHDN,[]
URBN,[]
ALGN,[]
MAA,"[{'title': ""AvalonBay's Q1 FFO Tops Estimates, Occupancy Stays High"", 'publisher': 'Zacks', 'link': 'https://finance.yahoo.com/markets/stocks/articles/avalonbays-q1-ffo-tops-estimates-151400562.html', 'summary': ""AvalonBay Communities' Q1 core FFO beats estimates as occupancy stays at 96.1%, but higher interest costs weigh amid active sales and development."", 'pub_date': '2026-04-28T15:14:00Z', 'formatted_date': '04-28-2026'}]"
CRNC,[]
TAN,[]
BB,[]
OWL,[]
EWW,[]
POET,[]
HAL,[]
AAL,[]
WDC,[]
NVS,"[{'title': 'Novartis Expands R&D Spending Up To $70 Million Monthly After Avidity Deal', 'publisher': 'GuruFocus.com', 'link': 'https://finance.yahoo.com/sectors/healthcare/articles/novartis-expands-r-d-spending-170903808.html', 'summary': 'Late-stage pipeline investment rises as acquisition adds three genetic disorder therapies and trims margins by up to 2%.', 'pub_date': '2026-04-29T17:09:03Z', 'formatted_date': '04-29-2026'}]"
TTE,[]
TDOC,[]
AQST,[]
ATI,[]
MTCH,[]
XNCR,[]
XLY,[]
ELF,[]
DNLI,[]
PRGS,"[{'title': 'Progress Software (PRGS) Valuation Check After Steep Three Month Share Price Pullback', 'publisher': 'Simply Wall St.', 'link': 'https://finance.yahoo.com/markets/stocks/articles/progress-software-prgs-valuation-check-060349637.html', 'summary': 'Progress Software stock performance sets the stage Progress Software (PRGS) has drawn attention after a series of weak returns, with the stock down about 10% over the past week, 5% over the past month, and 35% over the past 3 months. See our latest analysis for Progress Software. At a share price of US$27.46, the 1 year total shareholder return of 53.51% and 3 year total shareholder return of 49.08% suggest fading momentum following a much steeper recent share price pullback. If you are...', 'pub_date': '2026-04-24T06:03:49Z', 'formatted_date': '04-24-2026'}]"
ZTS,[]
MXL,[]
ALGT,[]
KTOS,[]
HLX,[]
ADCT,[]
CWEN,[]
VEA,[]
GKOS,[]
OPLN,"[{'title': 'OPENLANE (OPLN) Reports Next Week: Wall Street Expects Earnings Growth', 'publisher': 'Zacks', 'link': 'https://finance.yahoo.com/markets/stocks/articles/openlane-opln-reports-next-week-140030251.html', 'summary': ""OPENLANE (OPLN) doesn't possess the right combination of the two key ingredients for a likely earnings beat in its upcoming report. Get prepared with the key expectations."", 'pub_date': '2026-04-28T14:00:30Z', 'formatted_date': '04-28-2026'}]"
RGEN,[]
SIGI,[]
SFM,[]
SNX,[]
IYW,[]
AMKR,[]
WEC,[]
ORCL,[]
ILMN,[]
OMER,"[{'title': 'Zacks Industry Outlook Highlights Phibro Animal Health, BioLife Solutions, Omeros and Brainsway', 'publisher': 'Zacks', 'link': 'https://finance.yahoo.com/sectors/healthcare/articles/zacks-industry-outlook-highlights-phibro-144200911.html', 'summary': 'Medical Products stocks face tariff and cost pressures, but Phibro Animal Health and peers leverage innovation, AI and demand trends to drive growth.', 'pub_date': '2026-04-28T14:42:00Z', 'formatted_date': '04-28-2026'}]"
JAN,[]
NVG,[]
IYH,[]
LMT,[]
URTH,[]
CMS,[]
AVT,[]
COHU,[]
UCB,[]
EGY,"[{'title': 'Sector Update: Energy Stocks Advance Late Afternoon', 'publisher': 'MT Newswires', 'link': 'https://finance.yahoo.com/sectors/energy/articles/sector-energy-stocks-advance-afternoon-200731901.html', 'summary': 'Energy stocks were higher late Tuesday afternoon, with the NYSE Energy Sector Index rising 1.1% and', 'pub_date': '2026-04-21T20:07:31Z', 'formatted_date': '04-21-2026'}]"
NIO,[]
ABNB,[]
HDV,[]
ERIC,[]
MT,[]
PODD,[]
CHH,[]
BFH,[]
ADBE,[]
FIVN,"[{'title': 'Exploring Three High Growth Tech Stocks In The US Market', 'publisher': 'Simply Wall St.', 'link': 'https://finance.yahoo.com/sectors/technology/articles/exploring-three-high-growth-tech-113825996.html', 'summary': 'In the last week, the United States market has stayed flat, but over the past 12 months, it has risen by 29%, with earnings expected to grow by 16% per annum in the coming years. In this context of robust growth expectations, identifying high growth tech stocks that align with these trends can be crucial for investors seeking opportunities in a dynamic sector.', 'pub_date': '2026-04-29T11:38:25Z', 'formatted_date': '04-29-2026'}]"
GDOT,[]
CBRE,[]
RSG,[]
GNRC,[]
LUMN,[]
TTMI,[]
DOV,[]
LW,[]
CPIX,[]
IWN,"[{'title': '3 Small-Cap Value ETFs Poised to Outperform in 2026 as Fed Rate Cuts Accelerate Returns', 'publisher': '24/7 Wall St.', 'link': 'https://247wallst.com/investing/2026/04/24/3-small-cap-value-etfs-poised-to-outperform-in-2026-as-fed-rate-cuts-accelerate-returns/', 'summary': 'Small-cap value spent years playing second fiddle to large-cap growth, especially as everyone piled into just a few tech giants. But the vibe heading into the middle of 2026 is shifting. The Federal Reserve has been active, cutting rates down to the 3.50% to 3.75% range over the last year. Even with the 10-year Treasury ... 3 Small-Cap Value ETFs Poised to Outperform in 2026 as Fed Rate Cuts Accelerate Returns', 'pub_date': '2026-04-24T18:08:34Z', 'formatted_date': '04-24-2026'}]"
PEN,[]
TDAY,[]
RY,[]
CMI,[]
PUMP,[]
KBH,[]
VICI,[]
PAYC,[]
ABBV,[]
GPK,"[{'title': ""Amcor (AMCR) Earnings Expected to Grow: What to Know Ahead of Next Week's Release"", 'publisher': 'Zacks', 'link': 'https://finance.yahoo.com/markets/stocks/articles/amcor-amcr-earnings-expected-grow-140026995.html', 'summary': ""Amcor (AMCR) doesn't possess the right combination of the two key ingredients for a likely earnings beat in its upcoming report. Get prepared with the key expectations."", 'pub_date': '2026-04-29T14:00:26Z', 'formatted_date': '04-29-2026'}]"
OVID,[]
BBWI,[]
IMMP,[]
MRCY,[]
CGBD,[]
TDC,[]
TW,[]
CHD,[]
NI,[]
KOD,"[{'title': 'Kodiak Sciences Inc (KOD): What’s the Chance of Success for Zenkuda?', 'publisher': 'Insider Monkey', 'link': 'https://finance.yahoo.com/sectors/healthcare/articles/kodiak-sciences-inc-kod-chance-094736443.html', 'summary': 'Kodiak Sciences Inc (NASDAQ:KOD) is among the best 52-week high US stocks to buy. On March 27, H.C. Wainwright boosted its price target on Kodiak Sciences Inc (NASDAQ:KOD) to $58 from $38 and reiterated a Buy rating on the shares. The firm raised its price target after positive Phase 3 GLOW2 trial results for tarcocimab […]', 'pub_date': '2026-04-23T09:47:36Z', 'formatted_date': '04-23-2026'}]"
BG,[]
COP,[]
JKS,[]
PCTY,[]
CPRI,[]
PDI,[]
MPC,[]
ACHC,[]
AXS,[]
TXT,"[{'title': 'Are Aerospace Stocks Lagging  FTAI Aviation Ltd. (FTAI) This Year?', 'publisher': 'Zacks', 'link': 'https://finance.yahoo.com/markets/stocks/articles/aerospace-stocks-lagging-ftai-aviation-134003945.html', 'summary': 'Here is how FTAI Aviation (FTAI) and Textron (TXT) have performed compared to their sector so far this year.', 'pub_date': '2026-04-29T13:40:03Z', 'formatted_date': '04-29-2026'}]"
WTTR,[]
STE,[]
WAT,[]
ITGR,[]
UHS,[]
STM,[]
AMN,[]
ADSK,[]
PRKS,[]
WTW,"[{'title': ""Wall Street's Insights Into Key Metrics Ahead of Willis Towers Watson (WTW) Q1 Earnings"", 'publisher': 'Zacks', 'link': 'https://finance.yahoo.com/markets/stocks/articles/wall-streets-insights-key-metrics-131511346.html', 'summary': ""Looking beyond Wall Street's top-and-bottom-line estimate forecasts for Willis Towers Watson (WTW), delve into some of its key metrics to gain a deeper insight into the company's potential performance for the quarter ended March 2026."", 'pub_date': '2026-04-29T13:15:11Z', 'formatted_date': '04-29-2026'}]"
LKNCY,[]
WTI,[]
FOXA,[]
UPBD,[]
GME,[]
PGNY,[]
BEP,[]
PSX,[]
DIS,[]
BE,"[{'title': 'Visa, Seagate Technology, Bloom Energy: Earnings Roundup', 'publisher': 'Yahoo Finance Video', 'link': 'https://finance.yahoo.com/video/visa-seagate-technology-bloom-energy-earnings-roundup-145516649.html', 'summary': ""Market Catalysts Host Julie Hyman takes a closer look at how shares of Seagate Technology (STX), Bloom Energy (BE), and Visa (V) are reacting to the companies' respective earnings results."", 'pub_date': '2026-04-29T14:55:16Z', 'formatted_date': '04-29-2026'}]"
FFBC,[]
DB,[]
CRUS,[]
AES,[]
CXW,[]
ADP,[]
LMND,[]
AGIO,[]
TYL,[]
IVV,"[{'title': 'Exchange-Traded Funds Lower as US Equities Fall After Midday', 'publisher': 'MT Newswires', 'link': 'https://finance.yahoo.com/markets/stocks/articles/exchange-traded-funds-lower-us-171943656.html', 'summary': 'Broad Market Indicators Broad-market exchange-traded fund IWM and IVV declined. Actively trade', 'pub_date': '2026-04-29T17:19:43Z', 'formatted_date': '04-29-2026'}]"
BLDR,[]
EVER,[]
WPC,[]
KKR,[]
NOV,[]
APG,[]
HWM,[]
ODFL,[]
SRE,[]
FUL,"[{'title': 'Is It Smart To Buy H.B. Fuller Company (NYSE:FUL) Before It Goes Ex-Dividend?', 'publisher': 'Simply Wall St.', 'link': 'https://finance.yahoo.com/markets/stocks/articles/smart-buy-h-b-fuller-130348609.html', 'summary': 'It looks like H.B. Fuller Company ( NYSE:FUL ) is about to go ex-dividend in the next 4 days. Typically, the...', 'pub_date': '2026-04-25T13:03:48Z', 'formatted_date': '04-25-2026'}]"
EMR,[]
EAT,[]
HOLX,[]
GLOB,[]
IVR,[]
BTE,[]
ATMU,[]
KNX,[]
CTSH,[]
STIP,"[{'title': 'THRO Attracts $3.2B in Assets as Dow Slides 817 Points', 'publisher': 'etf.com', 'link': 'http://www.etf.com/sections/daily-etf-flows/thro-attracts-32b-assets-dow-slides-817-points?utm_source=yahoo-finance&utm_medium=rss&utm_campaign=yahoo-finance-rss', 'summary': ""- THRO led massive ETF inflows amid Wednesday's market selloff. - Treasury bond ETFs gained as yields spiked to October 2023 highs."", 'pub_date': '2025-05-22T22:45:00Z', 'formatted_date': '05-22-2025'}]"
CLF,[]
OXY,[]
NHP,[]
SEDG,[]
PLUG,[]
DECK,[]
PTEN,[]
CSGP,[]
OHI,[]
INDV,"[{'title': 'NTLA Falls 4% Despite Strong Phase III HAE Data, Initiates Rolling BLA', 'publisher': 'Zacks', 'link': 'https://finance.yahoo.com/sectors/healthcare/articles/ntla-falls-4-despite-strong-170200674.html', 'summary': 'Intellia shares drop 4% despite phase III data meeting all endpoints. The company begins a rolling FDA filing.', 'pub_date': '2026-04-28T17:02:00Z', 'formatted_date': '04-28-2026'}]"
SGI,[]
SVC,[]
ZNOG,[]
ARAY,[]
IONS,[]
RMIX,[]
PWP,[]
TSM,[]
BRO,[]
HIMX,"[{'title': 'Asian Equities Traded in the US as American Depositary Receipts Slightly Lower in Monday Trading', 'publisher': 'MT Newswires', 'link': 'https://finance.yahoo.com/markets/world-indices/articles/asian-equities-traded-us-american-144714969.html', 'summary': 'Asian equities traded in the US as American depositary receipts were tracking modestly lower Monday', 'pub_date': '2026-04-27T14:47:14Z', 'formatted_date': '04-27-2026'}]"
SMCI,[]
CP,[]
WVE,[]
VSAT,[]
OMCL,[]
CROX,[]
KIM,[]
BMO,[]
PB,[]
GVA,"[{'title': 'Granite scoops up Utah infrastructure contractor', 'publisher': 'Construction Dive', 'link': 'https://www.constructiondive.com/news/granite-buys-Kenny-Seng-utah-infrastructure-contractor/818777/', 'summary': 'The California-based firm bought Kenny Seng Construction, which focuses on earthwork and site preparation as well as managing a gravel pit and recycling yard.', 'pub_date': '2026-04-29T10:18:00Z', 'formatted_date': '04-29-2026'}]"
RHI,[]
CIBR,[]
MLCO,[]
FOSL,[]
BW,[]
OCFC,[]
CMG,[]
VSH,[]
VOO,[]
VGNT,"[{'title': 'Visteon Stock Sees RS Rating Rise To 82', 'publisher': ""Investor's Business Daily"", 'link': 'https://www.investors.com/news/visteon-sees-rs-rating-rise-to-82/?src=A00220&yptr=yahoo', 'summary': 'Visteon shows improving price performance, earning an upgrade to its IBD Relative Strength Rating from 76 to 82.', 'pub_date': '2026-04-27T07:00:00Z', 'formatted_date': '04-27-2026'}]"
AERO,[]
VUG,[]
MNST,[]
ALLE,[]
KMX,[]
DG,[]
IFRX,[]
FFIN,[]
SAP,[]
HWC,"[{'title': 'How Hancock Whitney (HWC) Is Reframing Its Story Around Profitability Execution And Valuation', 'publisher': 'Simply Wall St.', 'link': 'https://finance.yahoo.com/markets/stocks/articles/hancock-whitney-hwc-reframing-story-001613484.html', 'summary': 'Hancock Whitney’s updated analyst model now points to a Fair Value price target of US$77.67 per share, compared with the prior US$76.44. This marks a modest shift in how equity value is being framed. That move lines up with recent analyst commentary that balances optimism around profitability with caution on execution risk and the range of price targets clustering around levels such as US$81. Read on to see what is driving this evolving narrative and how you can keep track of the key signals...', 'pub_date': '2026-04-27T00:16:13Z', 'formatted_date': '04-27-2026'}]"
HIMS,[]
BC,[]
CCEP,[]
CBC,[]
BIP,[]
BND,[]
MSCI,[]
CRH,[]
Q,[]
DASH,"[{'title': 'DoorDash, Inc. (DASH): Stephen Mandel Opens New Position in Delivery Firm', 'publisher': 'Insider Monkey', 'link': 'https://finance.yahoo.com/markets/stocks/articles/doordash-inc-dash-stephen-mandel-151441089.html', 'summary': 'We just covered Lone Pine’s Non-AI Strategy Falters: 10 Non-AI Stocks Weighing Down Stephen Mandel’s 2026 Returns and DoorDash, Inc. (NASDAQ:DASH) ranks 3rd on this list. DoorDash, Inc. (NASDAQ:DASH) first featured in the 13F portfolio of Lone Pine Capital in the fourth quarter of 2020. Back then, this position comprised 2.2 million shares. By the […]', 'pub_date': '2026-04-29T15:14:41Z', 'formatted_date': '04-29-2026'}]"
ASGN,[]
NESR,[]
TRIP,[]
SNY,[]
MA,[]
MWH,[]
GNW,[]
URGN,[]
IDMO,[]
SHY,"[{'title': ""MoneyMasters Podcast 4-16-26- SP 500 Volatility, Midterms,  the Fed's Next Move"", 'publisher': 'MoneyShow', 'link': 'https://finance.yahoo.com/markets/stocks/articles/moneymasters-podcast-4-16-26-163000991.html', 'summary': 'How do you position yourself in a market defined by relentless volatility and geopolitical instability?', 'pub_date': '2026-04-16T16:30:00Z', 'formatted_date': '04-16-2026'}]"
CVE,[]
GOVT,[]
HASI,[]
CBOE,[]
META,[]
PHK,[]
HCAT,[]
STZ,[]
HPP,[]
ROIV,"[{'title': 'Roivant Sciences Ltd. (ROIV): One of the Best Stocks to Buy According to Joe Edelman', 'publisher': 'Insider Monkey', 'link': 'https://finance.yahoo.com/markets/stocks/articles/roivant-sciences-ltd-roiv-one-211550074.html', 'summary': 'We just covered the Billionaire Joe Edelman’s 10 Stock Picks with Huge Upside Potential and Roivant Sciences Ltd. (NASDAQ:ROIV) ranks 8th on this list. Roivant Sciences Ltd. (NASDAQ:ROIV) recently won a major legal battle. In March, Roivant’s subsidiaries, Genevant and Arbutus, reached a $2.25 billion global settlement with Moderna over a COVID-19 vaccine patent. This […]', 'pub_date': '2026-04-27T21:15:50Z', 'formatted_date': '04-27-2026'}]"
KLAC,[]
BBT,[]
CBRL,[]
WHR,[]
KRG,[]
GD,[]
EFX,[]
JBGS,[]
BSX,[]
DDOG,"[{'title': 'Datadog GPU Monitoring Targets AI Costs As Shares Trade Below Estimates', 'publisher': 'Simply Wall St.', 'link': 'https://finance.yahoo.com/markets/stocks/articles/datadog-gpu-monitoring-targets-ai-230438200.html', 'summary': 'Datadog (NasdaqGS:DDOG) has introduced GPU Monitoring, a new observability product focused on GPU utilization, health, and costs across AI workloads. The product is designed to give unified visibility into fleet-level GPU usage and link hardware data to workload ownership and performance bottlenecks. Datadog is positioning GPU Monitoring to help organizations scale AI projects more efficiently while aiming to reduce wasted GPU expenditure. Datadog operates in application and infrastructure...', 'pub_date': '2026-04-28T23:04:38Z', 'formatted_date': '04-28-2026'}]"
GUNR,[]
FANG,[]
UUUU,[]
PDD,[]
SBRA,[]
D,[]
UDR,[]
LYG,[]
CNX,[]
ANF,"[{'title': 'Buy Walmart and 3 More Retail Stocks as Consumer Confidence Surges', 'publisher': 'Zacks', 'link': 'https://finance.yahoo.com/markets/stocks/articles/buy-walmart-3-more-retail-134400955.html', 'summary': 'Walmart and three other retailers get a confidence boost as April sentiment ticks up, even with gasoline and inflation pressures still looming.', 'pub_date': '2026-04-29T13:44:00Z', 'formatted_date': '04-29-2026'}]"
OSPN,[]
CPT,[]
XLB,[]
RUN,[]
WDS,[]
CBOX,[]
CR,[]
NKE,[]
GFL,[]
DINO,"[{'title': 'Is PARR a Buy After the $250M Buyback and $72 Target?', 'publisher': 'Zacks', 'link': 'https://finance.yahoo.com/markets/stocks/articles/parr-buy-250m-buyback-72-133900939.html', 'summary': 'PARR okays a $250M buyback with no end date as liquidity hits roughly $915M and interest costs drop, but refining margins and outages stay wild.', 'pub_date': '2026-04-29T13:39:00Z', 'formatted_date': '04-29-2026'}]"
SGOL,[]
TS,[]
KVUE,[]
TFX,[]
DV,[]
ADNT,[]
GBCI,[]
MKTX,[]
WOOF,[]
UIS,"[{'title': 'Is Unisys Corporation the Most Undervalued Cybersecurity Stock to Invest In?', 'publisher': 'Insider Monkey', 'link': 'https://finance.yahoo.com/markets/stocks/articles/unisys-corporation-most-undervalued-cybersecurity-153701484.html', 'summary': 'Unisys Corporation (NYSE:UIS) is among the 14 Most Undervalued Cybersecurity Stocks to Invest In. On April 14, Unisys Corporation (NYSE:UIS) announced a partnership with Worldsys to deliver enhanced anti-money laundering capabilities through its core banking platform. The collaboration integrates advanced regulatory technology solutions to help financial institutions strengthen compliance, mitigate fraud risks, and improve operational efficiency. […]', 'pub_date': '2026-04-17T15:37:01Z', 'formatted_date': '04-17-2026'}]"
AWK,[]
BKD,[]
KYMR,[]
USFD,[]
ORGO,[]
EVH,[]
IRDM,[]
VGIT,[]
ESNT,[]
ACN,"[{'title': 'Verisk Q1 Earnings Top Estimates on Growth in Underwriting, Claims', 'publisher': 'Zacks', 'link': 'https://finance.yahoo.com/markets/stocks/articles/verisk-q1-earnings-top-estimates-144100175.html', 'summary': 'VRSK beats Q1 earnings estimates as underwriting and claims growth lift revenues, while margins expand on operating leverage and cost discipline.', 'pub_date': '2026-04-29T14:41:00Z', 'formatted_date': '04-29-2026'}]"
CRSP,[]
DOCU,[]
TSLA,[]
CNQ,[]
EUFN,[]
SLS,[]
FXN,[]
ALB,[]
OCGN,[]
OBDC,"[{'title': 'Should Value Investors Buy Blue Owl Capital Corporation (OBDC) Stock?', 'publisher': 'Zacks', 'link': 'https://finance.yahoo.com/markets/stocks/articles/value-investors-buy-blue-owl-134003642.html', 'summary': 'Here at Zacks, our focus is on the proven Zacks Rank system, which emphasizes earnings estimates and estimate revisions to find great stocks. Nevertheless, we are always paying attention to the latest value, growth, and momentum trends to underscore strong picks.', 'pub_date': '2026-04-28T13:40:03Z', 'formatted_date': '04-28-2026'}]"
FER,[]
GPRE,[]
WERN,[]
STAA,[]
TTWO,[]
VCLT,[]
CLH,[]
TGTX,[]
WOLF,[]
MD,"[{'title': '3 Value Stocks with Open Questions', 'publisher': 'StockStory', 'link': 'https://finance.yahoo.com/markets/stocks/articles/3-value-stocks-open-questions-174855522.html', 'summary': 'Value investing has produced some of the world’s most famous investing billionaires, including Warren Buffett, David Einhorn, and Seth Klarman, who built their fortunes by purchasing wonderful businesses at reasonable prices. But these hidden gems are few and far between - many stocks that appear cheap often stay that way because they face structural issues.', 'pub_date': '2026-04-27T17:48:55Z', 'formatted_date': '04-27-2026'}]"
MPWR,[]
STAG,[]
IRTC,[]
SHYG,[]
VZ,[]
PDM,[]
B,[]
OPRA,[]
SRRK,[]
TWST,"[{'title': 'Assessing Twist Bioscience (TWST) Valuation After Insider Sale And Recent Q1 FY26 Optimism', 'publisher': 'Simply Wall St.', 'link': 'https://finance.yahoo.com/news/assessing-twist-bioscience-twst-valuation-231237117.html', 'summary': 'Twist Bioscience (TWST) stock came under pressure after Senior Vice President of Human Resources Paula Green sold more than 39,400 shares for nearly US$2.1 million, following a strong year to date rally. See our latest analysis for Twist Bioscience. The recent insider sale comes after a strong year to date share price return of 53.07% and a 56.40% 3 month share price return, alongside the Invenra licensing agreement and upbeat Q1 FY26 guidance. At the same time, the 1 year total shareholder...', 'pub_date': '2026-02-25T23:12:37Z', 'formatted_date': '02-25-2026'}]"
ANET,[]
EMN,[]
IEP,[]
SPSC,[]
F,[]
LNC,[]
AXTI,[]
PRA,[]
MHK,[]
MOH,"[{'title': 'Elevance Health and 2 More Stocks to Buy. Better Days Are Ahead for Medicaid Providers.', 'publisher': 'Barrons.com', 'link': 'https://www.barrons.com/articles/elevance-health-more-stocks-to-buy-medicaid-providers-f13baca3?siteid=yhoof2&yptr=yahoo', 'summary': 'BofA Securities upgrades Elevance Health and gives a rare double upgrade to Centene and Molina Healthcare.', 'pub_date': '2026-04-29T18:06:00Z', 'formatted_date': '04-29-2026'}]"
TRMB,[]
PSTG,[]
WCC,[]
TENB,[]
INTU,[]
DUOL,[]
HALO,[]
MU,[]
AEP,[]
OMF,"[{'title': 'PROG Holdings (PRG) Q1 Earnings and Revenues Surpass Estimates', 'publisher': 'Zacks', 'link': 'https://finance.yahoo.com/markets/stocks/articles/prog-holdings-prg-q1-earnings-132006490.html', 'summary': 'PROG Holdings (PRG) delivered earnings and revenue surprises of +58.31% and +1.34%, respectively, for the quarter ended March 2026. Do the numbers hold clues to what lies ahead for the stock?', 'pub_date': '2026-04-29T13:20:06Z', 'formatted_date': '04-29-2026'}]"
HRB,[]
UGP,[]
GDDY,[]
ECL,[]
MGNX,[]
NXT,[]
WAL,[]
ON,[]
FBIN,[]
MAIR,"[{'title': 'Madison Air IPO And ESOP Shelf Raise Questions On Future Dilution', 'publisher': 'Simply Wall St.', 'link': 'https://finance.yahoo.com/markets/stocks/articles/madison-air-ipo-esop-shelf-050527506.html', 'summary': 'Madison Air Solutions (NYSE:MAIR) completed a multibillion-dollar IPO, bringing the company to public markets. Shortly after listing, the company filed a sizable shelf registration for a large equity offering tied to its employee stock ownership plan. These moves introduce new information on capital structure and equity supply for current and prospective shareholders. With shares recently at $34.24 and a 7.8% return over the past week, NYSE:MAIR is entering public markets during an active...', 'pub_date': '2026-04-24T05:05:27Z', 'formatted_date': '04-24-2026'}]"
WLY,[]
MSTR,[]
INN,[]
SWMR,[]
XLF,[]
TNDM,[]
RRC,[]
HAIN,[]
IDYA,[]
VOYA,"[{'title': 'Primerica (PRI) Reports Next Week: Wall Street Expects Earnings Growth', 'publisher': 'Zacks', 'link': 'https://finance.yahoo.com/markets/stocks/articles/primerica-pri-reports-next-week-140023967.html', 'summary': ""Primerica (PRI) doesn't possess the right combination of the two key ingredients for a likely earnings beat in its upcoming report. Get prepared with the key expectations."", 'pub_date': '2026-04-29T14:00:23Z', 'formatted_date': '04-29-2026'}]"
ZS,[]
BMRN,[]
IRM,[]
AOS,[]
DT,[]
SABR,[]
OBE,[]
PEG,[]
FIS,[]
HAE,"[{'title': 'Will VASCADE MVP XL’s Expanded FDA Labeling Shift Haemonetics’ (HAE) Electrophysiology Growth Narrative', 'publisher': 'Simply Wall St.', 'link': 'https://finance.yahoo.com/sectors/healthcare/articles/vascade-mvp-xl-expanded-fda-170531380.html', 'summary': 'Haemonetics Corporation recently presented data at the Heart Rhythm Society 2026 Annual Meeting in Chicago showing its VASCADE MVP XL vascular closure system delivers effective hemostasis and maintains a consistent safety profile in large-bore venous access procedures, following expanded FDA labeling in March 2026 for use with procedural sheaths up to 17F outer diameter. This makes VASCADE MVP XL the only clinically proven extravascular venous closure system for sheaths up to 17F,...', 'pub_date': '2026-04-28T17:05:31Z', 'formatted_date': '04-28-2026'}]"
ULS,[]
SHC,[]
CHRS,[]
LITE,[]
P,[]
PAYX,[]
SW,[]
IBM,[]
PENN,[]
LHX,"[{'title': 'Northrop, Lockheed Stocks Drop for 10th Stright Day. Now There’s a New Problem.', 'publisher': 'Barrons.com', 'link': 'https://www.barrons.com/articles/defense-stocks-weak-since-the-iran-war-started-4dc64666?siteid=yhoof2&yptr=yahoo', 'summary': 'Major defense stocks, including Lockheed Martin and RTX, have fallen an average of 15% since the Iran war began.', 'pub_date': '2026-04-27T20:24:00Z', 'formatted_date': '04-27-2026'}]"
JOB,[]
FOXF,[]
GM,[]
TROW,[]
DXC,[]
NEXT,[]
ALV,[]
VNOM,[]
ITT,[]
GSHD,"[{'title': 'Goosehead Insurance Q1 Earnings Call Highlights', 'publisher': 'MarketBeat', 'link': 'https://www.marketbeat.com/instant-alerts/goosehead-insurance-q1-earnings-call-highlights-2026-04-23/?utm_source=yahoofinance&utm_medium=yahoofinance', 'summary': 'Goosehead Insurance (NASDAQ:GSHD) reported first-quarter 2026 results that management characterized as a “strong and consistent” start to the year, while highlighting progress in its Digital Agent platform rollout, early benefits from artificial intelligence initiatives in service operations, and co', 'pub_date': '2026-04-23T17:39:34Z', 'formatted_date': '04-23-2026'}]"
DELL,[]
LNT,[]
AMCR,[]
FVRR,[]
XLK,[]
LYV,[]
SHLD,[]
KDP,[]
BEN,[]
WAFD,"[{'title': '3 Unpopular Stocks That Fall Short', 'publisher': 'StockStory', 'link': 'https://finance.yahoo.com/markets/stocks/articles/3-unpopular-stocks-fall-short-124455160.html', 'summary': 'Wall Street has issued downbeat forecasts for the stocks in this article. These predictions are rare - financial institutions typically hesitate to say bad things about a company because it can jeopardize their other revenue-generating business lines like M&A advisory.', 'pub_date': '2026-04-27T12:44:55Z', 'formatted_date': '04-27-2026'}]"
DHI,[]
IWS,[]
CAE,[]
ALLY,[]
WBD,[]
MUR,[]
FMS,[]
SAN,[]
QCOM,[]
AIV,"[{'title': 'Promising Penny Stocks To Watch In April 2026', 'publisher': 'Simply Wall St.', 'link': 'https://finance.yahoo.com/markets/stocks/articles/promising-penny-stocks-watch-april-180555128.html', 'summary': ""The market has climbed 4.0% in the last 7 days and 39% over the past year, with earnings forecast to grow by 16% annually. Though often considered outdated, penny stocks still hold potential when supported by robust financials, offering opportunities that larger firms might overlook. We'll explore several penny stocks that stand out for their financial strength and potential for growth, appealing to investors looking for under-the-radar opportunities."", 'pub_date': '2026-04-20T18:05:55Z', 'formatted_date': '04-20-2026'}]"
BTGO,[]
VONG,[]
PINS,[]
CARS,[]
CRL,[]
WB,[]
PFLT,[]
MURGY,[]
OII,[]
OTIS,"[{'title': 'Generac Tops Q1 Earnings Estimates, Lifts 2026 Revenue Outlook', 'publisher': 'Zacks', 'link': 'https://finance.yahoo.com/markets/stocks/articles/generac-tops-q1-earnings-estimates-144600016.html', 'summary': 'GNRC beats EPS and sales estimates in Q1, fueled by strong data center demand, and raises its 2026 revenue growth outlook to the mid-to-high teens.', 'pub_date': '2026-04-29T14:46:00Z', 'formatted_date': '04-29-2026'}]"
O,[]
GWRE,[]
RH,[]
WMG,[]
JBLU,[]
IJR,[]
UEC,[]
FIVE,[]
MASI,[]
OKTA,"[{'title': '3 Monster Stocks to Hold for the Next 20 Years', 'publisher': 'Motley Fool', 'link': 'https://www.fool.com/investing/2026/04/28/3-monster-stocks-to-hold-for-the-next-20-years/', 'summary': 'Okta, ASML, and Enbridge are buy-and-forget-it stocks that should deliver for decades.', 'pub_date': '2026-04-28T15:05:00Z', 'formatted_date': '04-28-2026'}]"
NFE,[]
LNTH,[]
YUMC,[]
SMH,[]
NKTR,[]
HG,[]
BTU,[]
RRX,[]
AXSM,[]
YELP,"[{'title': 'Apple, Google Crushed California Bill Helping Smaller Rivals', 'publisher': 'Bloomberg', 'link': 'https://finance.yahoo.com/news/apple-google-crushed-california-bill-143510069.html', 'summary': '(Bloomberg) -- Some of the world’s largest technology companies swiftly quashed a California legislative measure that pitted giants like Apple Inc. and Google against smaller rivals, a display of their immense political influence in their home state. Most Read from BloombergSergey Brin Confronted Gavin Newsom — Then Launched a Political WarThe Billion-Barrel Hormuz Oil Shock Is About to Crash DemandOpenAI Breaks Free From Exclusive AI Pact With MicrosoftTrump Being ‘Humiliated’ in Iran Talks, Ge', 'pub_date': '2026-04-27T16:16:00Z', 'formatted_date': '04-27-2026'}]"
CSCO,[]
FAST,[]
CE,[]
FORM,[]
NOW,[]
SBH,[]
VLO,[]
NX,[]
AEO,[]
WH,"[{'title': 'Hilton Worldwide Holdings Inc. (HLT) Q1 Earnings Top Estimates', 'publisher': 'Zacks', 'link': 'https://finance.yahoo.com/markets/stocks/articles/hilton-worldwide-holdings-inc-hlt-111002709.html', 'summary': 'Hilton Worldwide (HLT) delivered earnings and revenue surprises of +2.52% and -1.40%, respectively, for the quarter ended March 2026. Do the numbers hold clues to what lies ahead for the stock?', 'pub_date': '2026-04-28T11:10:02Z', 'formatted_date': '04-28-2026'}]"
DRAM,[]
TGNA,[]
CHRW,[]
VSNT,[]
LEU,[]
INOD,[]
FLJP,[]
RVI,[]
PCAR,[]
SUNE,"[{'title': 'SUNation Energy Inc (SUNE) Q4 2025 Earnings Call Highlights: Record Sales Surge and Strategic ...', 'publisher': 'GuruFocus.com', 'link': 'https://finance.yahoo.com/sectors/energy/articles/sunation-energy-inc-sune-q4-190309496.html', 'summary': 'SUNation Energy Inc (SUNE) reports a remarkable 77% increase in Q4 sales and unveils strategic plans amidst industry challenges.', 'pub_date': '2026-03-19T19:03:09Z', 'formatted_date': '03-19-2026'}]"
TRGP,[]
HNRG,[]
MP,[]
GE,[]
AGI,[]
ZION,[]
NXE,[]
ALEC,[]
FTS,[]
NUS,"[{'title': 'Estimating The Fair Value Of Nu Skin Enterprises, Inc. (NYSE:NUS)', 'publisher': 'Simply Wall St.', 'link': 'https://finance.yahoo.com/news/estimating-fair-value-nu-skin-102552233.html', 'summary': 'Key Insights The projected fair value for Nu Skin Enterprises is US$10.00 based on 2 Stage Free Cash Flow to Equity...', 'pub_date': '2026-02-16T10:25:52Z', 'formatted_date': '02-16-2026'}]"
XHR,[]
CAPR,[]
IGF,[]
EOLS,[]
LVS,[]
MRNA,[]
INGM,[]
MBOT,[]
FLEX,[]
ARCC,"[{'title': 'ARCC Stock Rises Despite Q1 Earnings Lag on Strong Portfolio Activity', 'publisher': 'Zacks', 'link': 'https://finance.yahoo.com/markets/stocks/articles/arcc-stock-rises-despite-q1-143200828.html', 'summary': 'Ares Capital shares rise 1.7% as strong portfolio activity and higher investment income help offset a Q1 earnings miss and unrealized losses.', 'pub_date': '2026-04-29T14:32:00Z', 'formatted_date': '04-29-2026'}]"
TNET,[]
HTGC,[]
MOS,[]
ULTA,[]
EVMN,[]
TMO,[]
WNC,[]
APO,[]
GO,[]
MMS,"[{'title': 'Why Maximus (MMS) is a Great Dividend Stock Right Now', 'publisher': 'Zacks', 'link': 'https://finance.yahoo.com/markets/stocks/articles/why-maximus-mms-great-dividend-154501966.html', 'summary': ""Dividends are one of the best benefits to being a shareholder, but finding a great dividend stock is no easy task. Does Maximus (MMS) have what it takes? Let's find out."", 'pub_date': '2026-04-29T15:45:01Z', 'formatted_date': '04-29-2026'}]"
AFL,[]
SOFI,[]
SFNC,[]
NSA,[]
VLTO,[]
VFH,[]
MLI,[]
KALV,[]
VPL,[]
ACMR,"[{'title': 'Wall Street Analysts Think ACM Research (ACMR) Is a Good Investment: Is It?', 'publisher': 'Zacks', 'link': 'https://finance.yahoo.com/markets/stocks/articles/wall-street-analysts-think-acm-133003219.html', 'summary': 'The average brokerage recommendation (ABR) for ACM Research (ACMR) is equivalent to a Buy. The overly optimistic recommendations of Wall Street analysts make the effectiveness of this highly sought-after metric questionable. So, is it worth buying the stock?', 'pub_date': '2026-04-28T13:30:03Z', 'formatted_date': '04-28-2026'}]"
UBER,[]
VEEV,[]
VDE,[]
BCS,[]
CI,[]
ACGL,[]
CLNE,[]
KGC,[]
NLY,[]
RJF,"[{'title': '1 Value Stock to Research Further and 2 That Underwhelm', 'publisher': 'StockStory', 'link': 'https://finance.yahoo.com/markets/stocks/articles/1-value-stock-research-further-002055149.html', 'summary': 'Value investing has produced some of the world’s most famous investing billionaires, including Warren Buffett, David Einhorn, and Seth Klarman, who built their fortunes by purchasing wonderful businesses at reasonable prices. But these hidden gems are few and far between - many stocks that appear cheap often stay that way because they face structural issues.', 'pub_date': '2026-04-29T00:20:55Z', 'formatted_date': '04-29-2026'}]"
AAON,[]
VNO,[]
SMTC,[]
SXC,[]
IMTM,[]
KMPR,[]
EFC,[]
IYE,[]
AZTA,[]
SRPT,"[{'title': 'Sarepta Therapeutics (SRPT) Reports Next Week: Wall Street Expects Earnings Growth', 'publisher': 'Zacks', 'link': 'https://finance.yahoo.com/markets/stocks/articles/sarepta-therapeutics-srpt-reports-next-140008089.html', 'summary': 'Sarepta Therapeutics (SRPT) possesses the right combination of the two key ingredients for a likely earnings beat in its upcoming report. Get prepared with the key expectations.', 'pub_date': '2026-04-29T14:00:08Z', 'formatted_date': '04-29-2026'}]"
SU,[]
SNDX,[]
HCSG,[]
IQMM,[]
CSX,[]
ADC,[]
AMTM,[]
ESTC,[]
PH,[]
OPTT,"[{'title': 'Ocean Power Technologies secures US Homeland Security contract – ICYMI', 'publisher': 'Proactive', 'link': 'https://www.proactiveinvestors.com/companies/news/1090784/ocean-power-technologies-secures-us-homeland-security-contract-icymi-1090784.html', 'summary': 'Ocean Power Technologies Inc (NYSE-A:OPTT) earlier this week outlined rapid progress in deploying its power and monitoring systems, as CEO Philipp Stratmann highlighted accelerating demand for ocean security solutions in an interview with Proactive. Stratmann said the company had moved from...', 'pub_date': '2026-04-17T19:39:00Z', 'formatted_date': '04-17-2026'}]"
TCPC,[]
PACK,[]
VRE,[]
RCUS,[]
LSCC,[]
HSY,[]
ALHC,[]
JBHT,[]
DYN,[]
VGT,"[{'title': ""Better Tech ETF for Artificial Intelligence (AI): Vanguard's VGT vs. iShares' IYW"", 'publisher': 'Motley Fool', 'link': 'https://www.fool.com/coverage/etfs/2026/04/29/better-tech-etf-for-artificial-intelligence-ai-vanguard-s-vgt-vs-ishares-iyw/', 'summary': 'Explore how differences in sector focus, portfolio breadth, and dividend payouts shape the long-term appeal of these two tech ETF giants.', 'pub_date': '2026-04-29T18:05:01Z', 'formatted_date': '04-29-2026'}]"
CECO,[]
VXUS,[]
GGAL,[]
PVH,[]
ACH,[]
KMI,[]
ATO,[]
IQV,[]
ACLS,[]
ENOV,"[{'title': 'Omnicell (OMCL) Q1 Earnings and Revenues Surpass Estimates', 'publisher': 'Zacks', 'link': 'https://finance.yahoo.com/markets/stocks/articles/omnicell-omcl-q1-earnings-revenues-115502614.html', 'summary': 'Omnicell (OMCL) delivered earnings and revenue surprises of +67.94% and +2.20%, respectively, for the quarter ended March 2026. Do the numbers hold clues to what lies ahead for the stock?', 'pub_date': '2026-04-28T11:55:02Z', 'formatted_date': '04-28-2026'}]"
AHR,[]
SLG,[]
EXPO,[]
EQNR,[]
ORA,[]
RCKT,[]
CPRX,[]
OVV,[]
JMUB,[]
TRN,"[{'title': 'Trinity (TRN) Q1 Earnings: What To Expect', 'publisher': 'StockStory', 'link': 'https://finance.yahoo.com/markets/stocks/articles/trinity-trn-q1-earnings-expect-174055732.html', 'summary': 'Railcar products and services provider Trinity (NYSE:TRN) will be reporting earnings this Thursday before market hours. Here’s what to expect.', 'pub_date': '2026-04-29T17:40:55Z', 'formatted_date': '04-29-2026'}]"
NNN,[]
HII,[]
LAB,[]
EXTR,[]
CTAS,[]
LSEGY,[]
PPC,[]
NWE,[]
CB,[]
SSNC,"[{'title': 'SSNC Q1 Deep Dive: Technology-Enabled Services and AI Initiatives Drive Consistent Growth', 'publisher': 'StockStory', 'link': 'https://finance.yahoo.com/markets/stocks/articles/ssnc-q1-deep-dive-technology-012523532.html', 'summary': 'Financial software provider SS&C Technologies (NASDAQ:SSNC) reported Q1 CY2026 results beating Wall Street’s revenue expectations, with sales up 8.8% year on year to $1.65 billion. The company expects next quarter’s revenue to be around $1.66 billion, close to analysts’ estimates. Its non-GAAP profit of $1.69 per share was 2.3% above analysts’ consensus estimates.', 'pub_date': '2026-04-25T01:25:23Z', 'formatted_date': '04-25-2026'}]"
DHX,[]
COTY,[]
ALEX,[]
UMBF,[]
OPRX,[]
OGN,[]
AXON,[]
HNI,[]
CMCSA,[]
DEI,"[{'title': 'How Douglas Emmett (DEI) Narrative Is Shifting As Analysts Reassess Growth And Valuation', 'publisher': 'Simply Wall St.', 'link': 'https://finance.yahoo.com/markets/stocks/articles/douglas-emmett-dei-narrative-shifting-190646872.html', 'summary': 'Douglas Emmett’s fair value estimate has been reset slightly lower, shifting from US$11.65 to US$11.55, a modest 0.9% move that keeps the name in roughly the same valuation zone. This adjustment lines up with fresh Street research, where several firms have trimmed price targets into the US$10 to US$11.50 band and maintained more neutral ratings as they weigh earnings power and capital allocation. As you read on, you will see how this evolving analyst narrative can help you track what might...', 'pub_date': '2026-04-29T19:06:46Z', 'formatted_date': '04-29-2026'}]"
HL,[]
ATRC,[]
RDY,[]
FCPT,[]
MICC,[]
RIG,[]
DAR,[]
TE,[]
SCZ,[]
PRCT,"[{'title': 'PROCEPT BioRobotics (PRCT) Earnings Transcript', 'publisher': 'Motley Fool', 'link': 'https://www.fool.com/earnings/call-transcripts/2026/04/14/procept-biorobotics-prct-earnings-transcript/', 'summary': ""On procedures, my handpiece sales were roughly in line with expectations.  Procedure utilization is an area we are highly focused on improving moving forward and believe it's a key to unlocking long-term value.  While HYDROS launches consistently deliver strong procedure adoption post launch, the timing from sale to first procedure is highly variable."", 'pub_date': '2026-04-14T15:44:37Z', 'formatted_date': '04-14-2026'}]"
CRS,[]
INCY,[]
MTDR,[]
HRL,[]
DHC,[]
ADMA,[]
CYTK,[]
VAL,[]
PWR,[]
TPH,"[{'title': 'How The Sumitomo Deal Is Rewriting The Tri Pointe Homes (TPH) Investment Story', 'publisher': 'Simply Wall St.', 'link': 'https://finance.yahoo.com/markets/stocks/articles/sumitomo-deal-rewriting-tri-pointe-110840975.html', 'summary': 'Price targets for Tri Pointe Homes now cluster around US$47 per share, matching the agreed acquisition price that many analysts are using as their reference point. Research updates explain this move as a shift toward treating the stock as a deal driven situation, with ratings and targets keyed to the announced cash consideration rather than long term growth assumptions. Keep reading to see how this evolving narrative could matter for how you think about risk, timing, and potential outcomes...', 'pub_date': '2026-04-28T11:08:40Z', 'formatted_date': '04-28-2026'}]"
TECL,[]
NTES,[]
PG,[]
AMZN,[]
VRT,[]
SCHC,[]
AFG,[]
TRP,[]
BJ,[]
FLR,"[{'title': 'Fluor Reshapes Risk With Reimbursable Model And NuScale-Funded Buyback', 'publisher': 'Simply Wall St.', 'link': 'https://finance.yahoo.com/markets/stocks/articles/fluor-reshapes-risk-reimbursable-model-220724432.html', 'summary': 'Fluor (NYSE:FLR) is shifting its core business toward a capital efficient reimbursable services model. The company is backing this move with a substantial share repurchase program. Fluor plans to fund a significant part of the buyback through the sale of its stake in NuScale. Fluor sits at the intersection of engineering, procurement and construction services, a space where contract structure can have a major impact on earnings stability. Moving away from large fixed price projects toward...', 'pub_date': '2026-04-27T22:07:24Z', 'formatted_date': '04-27-2026'}]"
BHF,[]
VSTS,[]
PUK,[]
JKHY,[]
KIE,[]
BILI,[]
CRUX,[]
CRC,[]
BKH,[]
SCHD,"[{'title': 'This CEF Appears Down From Its 1986 Prices, but It’s Hiding a Lovely Secret', 'publisher': '24/7 Wall St.', 'link': 'https://247wallst.com/investing/2026/04/27/this-cef-appears-down-from-its-1986-prices-but-its-hiding-a-lovely-secret/', 'summary': 'The Gabelli Equity Trust launched in August 1986 with an initial NAV of $9.34. Today, shares trade near $5.57. On a chart, that looks like a 40% loss over nearly four decades. Pull up any stock screener, and GAB appears to have destroyed capital since the Reagan administration. That first impression is completely wrong. What ... This CEF Appears Down From Its 1986 Prices, but It’s Hiding a Lovely Secret', 'pub_date': '2026-04-27T23:43:29Z', 'formatted_date': '04-27-2026'}]"
TLRY,[]
CNI,[]
HR,[]
VERI,[]
QDEL,[]
QTRX,[]
BETA,[]
YSWY,[]
ITRI,[]
NFLX,"[{'title': '25 Billion Reasons to Buy Netflix Stock Right Now', 'publisher': 'Motley Fool', 'link': 'https://www.fool.com/investing/2026/04/29/25-billion-reasons-to-buy-netflix-stock-right-now/', 'summary': ""The stock hasn't been this cheap in three years, and Netflix is putting its money where its mouth is."", 'pub_date': '2026-04-29T19:18:03Z', 'formatted_date': '04-29-2026'}]"
MGA,[]
ORLY,[]
BSOL,[]
OFRM,[]
CPRT,[]
EBAY,[]
EQIX,[]
IBKR,[]
RPD,[]
TSCO,"[{'title': 'Want Income for Life? Here Are 3 Stocks to Buy Now and Never Sell.', 'publisher': 'Motley Fool', 'link': 'https://www.fool.com/investing/2026/04/29/want-income-for-life-here-are-3-stocks-to-buy-now/', 'summary': 'All three outfits are built to last, capable of pushing through temporary headwinds to extend their long-term growth track records.', 'pub_date': '2026-04-29T19:13:00Z', 'formatted_date': '04-29-2026'}]"
EDIT,[]
CC,[]
CALX,[]
BEAM,[]
GMAB,[]
HAYW,[]
FRT,[]
CNP,[]
KEX,[]
XRX,"[{'title': '3 Services Stocks We’re Skeptical Of', 'publisher': 'StockStory', 'link': 'https://finance.yahoo.com/markets/stocks/articles/3-services-stocks-skeptical-155655804.html', 'summary': 'Business services providers play a critical role for enterprises, assisting them with everything from new hardware integrations to consulting and marketing. Still, investors are uneasy as firms face challenges from AI-driven disruptors and tightening corporate budgets. These doubts have certainly contributed to the industry’s recent underperformance - over the past six months, services stocks were flat while the S&P 500 was up 3.4%.', 'pub_date': '2026-04-27T15:56:55Z', 'formatted_date': '04-27-2026'}]"
HPE,[]
KSS,[]
EPR,[]
HUBB,[]
FHN,[]
ASPN,[]
TLN,[]
INSM,[]
VIR,[]
SNDK,"[{'title': 'These Stocks Are Today’s Movers: Intel, NXP Semiconductors, Humana, Seagate, Bloom Energy, Avis, Robinhood, and More', 'publisher': 'Barrons.com', 'link': 'https://www.barrons.com/articles/stock-movers-3ec2a7c6?siteid=yhoof2&yptr=yahoo', 'summary': 'Seagate Technology stock surges on strong earnings, delivering a boost to peers in the memory and storage space.', 'pub_date': '2026-04-29T19:39:00Z', 'formatted_date': '04-29-2026'}]"
IGC,[]
DTM,[]
UGI,[]
XXI,[]
SEE,[]
BYD,[]
TMHC,[]
SIRI,[]
PARR,[]
DXCM,"[{'title': 'DXCM or MASI: Which Is the Better Value Stock Right Now?', 'publisher': 'Zacks', 'link': 'https://finance.yahoo.com/markets/stocks/articles/dxcm-masi-better-value-stock-154003307.html', 'summary': 'DXCM vs. MASI: Which Stock Is the Better Value Option?', 'pub_date': '2026-04-29T15:40:03Z', 'formatted_date': '04-29-2026'}]"
EA,[]
CELH,[]
HUM,[]
VNET,[]
CRF,[]
SLM,[]
BILL,[]
SPWR,[]
HGV,[]
SNN,"[{'title': 'European Equities Traded in the US as American Depositary Receipts Track Lower in Monday Trading', 'publisher': 'MT Newswires', 'link': 'https://finance.yahoo.com/markets/world-indices/articles/european-equities-traded-us-american-151718482.html', 'summary': 'European equities traded in the US as American depositary receipts were trending lower late Monday m', 'pub_date': '2026-04-27T15:17:18Z', 'formatted_date': '04-27-2026'}]"
ITOT,[]
NET,[]
CHWY,[]
SPHQ,[]
ITW,[]
LKQ,[]
FLRN,[]
ASB,[]
LIN,[]
FN,"[{'title': 'High Growth Tech Stocks To Watch In The US April 2026', 'publisher': 'Simply Wall St.', 'link': 'https://finance.yahoo.com/markets/stocks/articles/high-growth-tech-stocks-watch-173828829.html', 'summary': 'Over the last 7 days, the United States market has remained flat, although it is up 29% over the past year with earnings forecast to grow by 16% annually. In this context of steady growth, identifying high-growth tech stocks involves looking for companies that demonstrate strong innovation and adaptability to capitalize on these positive market conditions.', 'pub_date': '2026-04-29T17:38:28Z', 'formatted_date': '04-29-2026'}]"
CYN,[]
PPL,[]
CVX,[]
RCL,[]
RIVN,[]
XRP,[]
GXO,[]
OC,[]
ADT,[]
WLTH,"[{'title': 'Is\xa0Wealthfront\xa0Corporation (WLTH)\xa0A Good Stock\xa0To\xa0Buy Now?', 'publisher': 'Insider Monkey', 'link': 'https://finance.yahoo.com/markets/stocks/articles/wealthfront-corporation-wlth-good-stock-214005389.html', 'summary': 'Is WLTH a good stock to buy? We came across a bullish thesis on Wealthfront Corporation on Obscure Stocks’s Substack. In this article, we will summarize the bulls’ thesis on WLTH. Wealthfront Corporation’s share was trading at $10.98 as of April 20th. WLTH’s trailing and forward P/E were 72.64 and 15.36 respectively according to Yahoo Finance. Wealthfront (WLTH) is a capital-light, next-generation […]', 'pub_date': '2026-04-26T21:40:05Z', 'formatted_date': '04-26-2026'}]"
SAIA,[]
MI,[]
CNNE,[]
CRK,[]
MAR,[]
AVA,[]
ROKU,[]
STGW,[]
AGRO,[]
VET,"[{'title': 'Vermilion Energy (VET) Reports Next Week: Wall Street Expects Earnings Growth', 'publisher': 'Zacks', 'link': 'https://finance.yahoo.com/markets/stocks/articles/vermilion-energy-vet-reports-next-140024010.html', 'summary': ""Vermilion (VET) doesn't possess the right combination of the two key ingredients for a likely earnings beat in its upcoming report. Get prepared with the key expectations."", 'pub_date': '2026-04-29T14:00:24Z', 'formatted_date': '04-29-2026'}]"
WAY,[]
GPRK,[]
VISN,[]
ICE,[]
EBND,[]
PKG,[]
SPMO,[]
NICE,[]
ABR,[]
AR,"[{'title': 'Best Value Stocks to Buy for April 29th', 'publisher': 'Zacks', 'link': 'https://finance.yahoo.com/markets/stocks/articles/best-value-stocks-buy-april-074900649.html', 'summary': 'BP, DVN and GLP made it to the Zacks Rank #1 (Strong Buy) value stocks list on April 29th, 2026.', 'pub_date': '2026-04-29T07:49:00Z', 'formatted_date': '04-29-2026'}]"
CYH,[]
RXO,[]
UA,[]
ZBH,[]
BR,[]
KN,[]
DNOW,[]
DLB,[]
DNP,[]
CRWD,"[{'title': 'F1 Thought the Mercedes Dynasty Was Over. Toto Wolff Was Plotting to Bring It Back.', 'publisher': 'The Wall Street Journal', 'link': 'https://www.wsj.com/sports/formula-one-mercedes-32badc2e?siteid=yhoof2&yptr=yahoo', 'summary': 'Five years since it last won a constructors’ title, the team has won the first three Grands Prix of the season.', 'pub_date': '2026-04-28T19:00:00Z', 'formatted_date': '04-28-2026'}]"
EXC,[]
STRL,[]
BAYRY,[]
JEF,[]
COHR,[]
TTD,[]
ESPR,[]
AVTR,[]
APPS,[]
ESRT,"[{'title': 'How The Empire State Realty Trust (ESRT) Story Is Evolving After Lower Price Targets', 'publisher': 'Simply Wall St.', 'link': 'https://finance.yahoo.com/markets/stocks/articles/empire-state-realty-trust-esrt-221328642.html', 'summary': 'Empire State Realty Trust is in focus after its fair value estimate was trimmed from $7.26 to $6.86, broadly aligning with Street price targets that have shifted from $8 to $7. Analysts pairing the new $7 target with Neutral and In Line ratings suggest a more balanced setup, where expectations have been reset but existing views on the company’s positioning remain intact. Read on to see how to interpret these revised targets and track the evolving narrative around risk and reward. Stay updated...', 'pub_date': '2026-04-07T22:13:28Z', 'formatted_date': '04-07-2026'}]"
RWT,[]
VST,[]
QURE,[]
FHI,[]
UE,[]
ARXS,[]
MBC,[]
ST,[]
IVZ,[]
CRMD,"[{'title': 'CorMedix Outlines Post-Melinta Growth, Q2 REZZAYO Phase 3 Catalyst and DefenCath Reimbursement Shift', 'publisher': 'MarketBeat', 'link': 'https://www.marketbeat.com/instant-alerts/cormedix-outlines-post-melinta-growth-q2-rezzayo-phase-3-catalyst-and-defencath-reimbursement-shift-2026-04-15/?utm_source=yahoofinance&utm_medium=yahoofinance', 'summary': 'CorMedix (NASDAQ:CRMD) Chief Executive Officer Joe Todisco outlined the company’s evolving strategy and upcoming catalysts during a fireside chat at Needham & Company’s 25th Annual Healthcare Conference, emphasizing recent portfolio expansion, an approaching Phase 3 data readout for REZZAYO, and', 'pub_date': '2026-04-15T13:04:04Z', 'formatted_date': '04-15-2026'}]"
REET,[]
TMUS,[]
DGX,[]
VSCO,[]
ABT,[]
H,[]
TMC,[]
ARES,[]
SNXX,[]
JNJ,"[{'title': 'AbbVie Beats Earnings Estimates, Boosts 2026 Outlook. What It Means for the Stock.', 'publisher': 'Barrons.com', 'link': 'https://www.barrons.com/articles/abbvie-earnings-stock-price-d3cbc66c?siteid=yhoof2&yptr=yahoo', 'summary': 'AbbVie  stock rose Wednesday after the pharmaceutical company reported better-than-expected quarterly earnings.  AbbVie  lifted its guidance for adjusted per-share earnings in 2026 to between $14.08 and $14.28, from a previous range of $13.96 to $14.16.  Shares of AbbVie rose 3.1% to $203.90 in afternoon trading.', 'pub_date': '2026-04-29T18:46:00Z', 'formatted_date': '04-29-2026'}]"
NAVI,[]
MLKN,[]
ALL,[]
SWX,[]
BBAI,[]
ROP,[]
AVEX,[]
REI,[]
WMB,[]
LCTX,"[{'title': 'Niagen Bioscience And 2 Additional Promising Penny Stocks For Your Consideration', 'publisher': 'Simply Wall St.', 'link': 'https://finance.yahoo.com/markets/stocks/articles/niagen-bioscience-2-additional-promising-180523277.html', 'summary': 'Over the last 7 days, the United States market has risen by 4.4%, and in the past year, it has climbed an impressive 32%, with earnings expected to grow by 16% annually. While penny stocks might seem like a relic from earlier market times, they continue to represent smaller or less-established companies that can offer significant value when chosen wisely. By focusing on those with strong financials and clear growth potential, investors can uncover opportunities in these niche stocks that may...', 'pub_date': '2026-04-15T18:05:23Z', 'formatted_date': '04-15-2026'}]"
CRBG,[]
HE,[]
LYB,[]
ETN,[]
FXI,[]
CART,[]
BTSG,[]
ENB,[]
GRMN,[]
DAL,"[{'title': 'Landstar Q1 Earnings & Revenues Top Estimates, Improves Year Over Year', 'publisher': 'Zacks', 'link': 'https://finance.yahoo.com/markets/stocks/articles/landstar-q1-earnings-revenues-top-180000811.html', 'summary': 'LSTR tops Q1 estimates with earnings up 36.5% and revenue growth, as stronger truck transport demand and rate environment drive improved performance.', 'pub_date': '2026-04-29T18:00:00Z', 'formatted_date': '04-29-2026'}]"
HTZ,[]
LEA,[]
CEG,[]
TT,[]
AVNS,[]
THC,[]
BX,[]
GLNCY,[]
ENR,[]
RAMP,"[{'title': 'Is LiveRamp (RAMP) Quietly Redefining TV Data Connectivity With DIRECTV’s Expanded CAPI Integration?', 'publisher': 'Simply Wall St.', 'link': 'https://finance.yahoo.com/markets/stocks/articles/liveramp-ramp-quietly-redefining-tv-030725806.html', 'summary': 'In April 2026, DIRECTV Advertising announced it had expanded its relationship with LiveRamp by integrating LiveRamp’s Conversions API Hub into DIRECTV’s advertising platform, enhancing closed-loop attribution, privacy-focused server-to-server measurement, and real-time conversion insights across its premium digital and TV inventory. This move makes DIRECTV Advertising the first multichannel video programming distributor to offer a connector from LiveRamp’s CAPI Hub, highlighting growing...', 'pub_date': '2026-04-18T03:07:25Z', 'formatted_date': '04-18-2026'}]"
MCHP,[]
FPS,[]
BRN,[]
DD,[]
RMD,[]
POOL,[]
SAIC,[]
HON,[]
HP,[]
EXE,"[{'title': 'Expand Energy Q1 Earnings Call Highlights', 'publisher': 'MarketBeat', 'link': 'https://www.marketbeat.com/instant-alerts/expand-energy-q1-earnings-call-highlights-2026-04-29/?utm_source=yahoofinance&utm_medium=yahoofinance', 'summary': 'Expand Energy (NASDAQ:EXE) executives highlighted strong free cash flow generation, ongoing debt reduction, and a growing emphasis on marketing and commercial initiatives during the company’s 2026 first-quarter earnings call. Interim President and CEO Mike Wichterich said the company is pursuing mar', 'pub_date': '2026-04-29T15:43:21Z', 'formatted_date': '04-29-2026'}]"
MAX,[]
CNO,[]
PURR,[]
FLNA,[]
REZI,[]
SM,[]
BRBR,[]
GT,[]
UNM,[]
QQQ,"[{'title': 'Exchange-Traded Funds Lower as US Equities Fall After Midday', 'publisher': 'MT Newswires', 'link': 'https://finance.yahoo.com/markets/stocks/articles/exchange-traded-funds-lower-us-171943656.html', 'summary': 'Broad Market Indicators Broad-market exchange-traded fund IWM and IVV declined. Actively trade', 'pub_date': '2026-04-29T17:19:43Z', 'formatted_date': '04-29-2026'}]"
CL,[]
FNF,[]
PLTR,[]
NTNX,[]
VYX,[]
VRSN,[]
ING,[]
TPL,[]
AMD,[]
AMH,"[{'title': 'Essex Property Trust (ESS) Tops Q1 FFO and Revenue Estimates', 'publisher': 'Zacks', 'link': 'https://finance.yahoo.com/markets/stocks/articles/essex-property-trust-ess-tops-214504245.html', 'summary': 'Essex Property Trust (ESS) delivered FFO and revenue surprises of +2.60% and +0.70%, respectively, for the quarter ended March 2026. Do the numbers hold clues to what lies ahead for the stock?', 'pub_date': '2026-04-28T21:45:04Z', 'formatted_date': '04-28-2026'}]"
V,[]
FOUR,[]
CDW,[]
BBVA,[]
FLS,[]
FTDR,[]
QUAL,[]
ARTY,[]
DRH,[]
SNDL,"[{'title': 'SNDL Inc. Q1 2026 Earnings Call Summary', 'publisher': 'Moby', 'link': 'https://app.moby.co/home/research/tools/earningsCalendar/earnings-sndl-inc-q1-2026-earnings-call-summary?utm_source=yahoo_finance&utm_medium=rss', 'summary': ""Moby summary of SNDL Inc.'s Q1 2026 earnings call"", 'pub_date': '2026-04-29T16:46:43Z', 'formatted_date': '04-29-2026'}]"
VAC,[]
PICK,[]
HQY,[]
PHG,[]
PAR,[]
CARR,[]
PATH,[]
UAA,[]
BPOP,[]
EWC,"[{'title': 'This Group Of ETFs Is Brimming With Charts Near Buy Points', 'publisher': ""Investor's Business Daily"", 'link': 'https://www.investors.com/news/international-stocks-ewh-eww-ewg-ewq-etfs/?src=A00220&yptr=yahoo', 'summary': ""While the international stock ETFs' chart patterns are bullish, some technical aspects are concerning."", 'pub_date': '2026-04-27T19:40:45Z', 'formatted_date': '04-27-2026'}]"
SMG,[]
T,[]
LAZ,[]
ACI,[]
OIS,[]
SLV,[]
INVH,[]
MDLZ,[]
LYFT,[]
HPQ,"[{'title': ""Apple's Q2 Earnings: Strong iPhone 17 Shipment to Aid Top-Line Growth"", 'publisher': 'Zacks', 'link': 'https://finance.yahoo.com/markets/stocks/articles/apples-q2-earnings-strong-iphone-170900237.html', 'summary': ""Apple's Q2 FY26 results may ride on iPhone 17 momentum, with new Macs and iPads also setting up modest segment growth."", 'pub_date': '2026-04-29T17:09:00Z', 'formatted_date': '04-29-2026'}]"
EWL,[]
AMRZ,[]
GILD,[]
BRKR,[]
DAN,[]
PSN,[]
CUBE,[]
ERII,[]
MEOH,[]
UNH,"[{'title': ""Opinion: It's Time to Load Up on UnitedHealth Group Stock"", 'publisher': 'Motley Fool', 'link': 'https://www.fool.com/investing/2026/04/29/opinion-its-time-to-load-up-on-unitedhealth-group/', 'summary': 'The healthcare giant could be turning the corner after a rough patch.', 'pub_date': '2026-04-29T19:55:00Z', 'formatted_date': '04-29-2026'}]"
GPN,[]
IMAX,[]
MRLN,[]
MDU,[]
GEVO,[]
GEO,[]
CFG,[]
COLB,[]
SUPN,[]
TPC,"[{'title': '3 Russell 2000 Stocks Walking a Fine Line', 'publisher': 'StockStory', 'link': 'https://finance.yahoo.com/markets/stocks/articles/3-russell-2000-stocks-walking-234055781.html', 'summary': 'The Russell 2000 (^RUT) is packed with potential breakout stocks, thanks to its focus on smaller companies with high growth potential. However, smaller size also means these businesses often lack the resilience and financial flexibility of large-cap firms, making careful selection crucial.', 'pub_date': '2026-04-28T23:40:55Z', 'formatted_date': '04-28-2026'}]"
KWEB,[]
IT,[]
XYL,[]
RNG,[]
CVLT,[]
AMPY,[]
PNFP,[]
CAVA,[]
VB,[]
GLPI,"[{'title': ""This Sleepy Casino REIT Is an Income Lover's Dream"", 'publisher': 'Motley Fool', 'link': 'https://www.fool.com/investing/2026/04/29/this-sleepy-casino-reit-is-an-income-lovers-dream/', 'summary': 'Of the two major casino REITs, Gaming and Leisure Properties gets less attention, but its income story is potentially potent.', 'pub_date': '2026-04-29T14:50:00Z', 'formatted_date': '04-29-2026'}]"
BABA,[]
PD,[]
NMRK,[]
PAGP,[]
TDS,[]
NMFC,[]
LRCX,[]
HELE,[]
DUK,[]
VWO,"[{'title': 'Global Equity ETFs in Focus as AI Optimism Drives Fresh Inflows', 'publisher': 'Zacks', 'link': 'https://finance.yahoo.com/markets/stocks/articles/global-equity-etfs-focus-ai-164100214.html', 'summary': 'AI optimism and easing volatility fuel a $48.7B surge into global equity funds. Here are some global ETFs to consider.', 'pub_date': '2026-04-24T16:41:00Z', 'formatted_date': '04-24-2026'}]"
HUN,[]
BEPC,[]
GOOG,[]
EXLS,[]
CCC,[]
DXJ,[]
ARMK,[]
IMO,[]
AA,[]
SEIC,"[{'title': 'Why The SEI Investments (SEIC) Story Is Shifting As Analysts Reset Expectations', 'publisher': 'Simply Wall St.', 'link': 'https://finance.yahoo.com/markets/stocks/articles/why-sei-investments-seic-story-011032333.html', 'summary': 'The updated fair value estimate for SEI Investments has moved from US$97.43 to US$104.00, a shift that puts a fresh spotlight on how analysts are framing the stock today. Recent reports show price targets being raised and cut in quick succession, creating a live debate over what you should be willing to pay and how much execution risk you want to accept. Keep reading to see how to interpret this evolving narrative and what to watch as views continue to adjust. Stay updated as the Fair Value...', 'pub_date': '2026-04-27T01:10:32Z', 'formatted_date': '04-27-2026'}]"
DBC,[]
XOM,[]
SCHQ,[]
SWK,[]
SNPS,[]
RYN,[]
TTI,[]
UMC,[]
TKO,[]
VTI,"[{'title': 'The 95% Club: Why Nearly Every American Stopped Trading Their 401(k)', 'publisher': '24/7 Wall St.', 'link': 'https://247wallst.com/investing/2026/04/28/the-95-club-why-nearly-every-american-stopped-trading-their-401k/', 'summary': 'The image of the retail day trader hunched over four monitors, scalping options between Slack messages, has dominated financial media since the meme stock era. The reality inside the average 401(k) plan looks nothing like that. According to Vanguard’s 2025 How America Saves report, only 5% of nonadvised participants made any portfolio exchanges in 2024, ... The 95% Club: Why Nearly Every American Stopped Trading Their 401(k)', 'pub_date': '2026-04-28T18:44:45Z', 'formatted_date': '04-28-2026'}]"
REXR,[]
TD,[]
VT,[]
AME,[]
VFC,[]
ACHR,[]
HMH,[]
GIL,[]
MMSI,[]
NVT,"[{'title': 'Is It Too Late To Consider nVent Electric (NVT) After Its 12 Month 153.6% Rally?', 'publisher': 'Simply Wall St.', 'link': 'https://finance.yahoo.com/markets/stocks/articles/too-consider-nvent-electric-nvt-140857346.html', 'summary': ""Before getting into detailed models, you might be asking a simple question: with nVent Electric shares around US$138.30, does the current price still make sense after such a strong run? Over the last week the stock returned 0.9%, over the past month 18.2%, year to date 29.5%, and over the last 12 months 153.6%, with a 3 year return of 235.3% and a 5 year return of 379.6%. Recent coverage has focused on nVent Electric's role as a provider of electrical connection and protection solutions,..."", 'pub_date': '2026-04-29T14:08:57Z', 'formatted_date': '04-29-2026'}]"
SBUX,[]
ENTG,[]
ESI,[]
FIBK,[]
VSEC,[]
NWL,[]
CHKP,[]
BRX,[]
TRI,[]
HIW,"[{'title': 'HIW Q1 FFO Meets Estimates, Revenues Top on Rent Growth', 'publisher': 'Zacks', 'link': 'https://finance.yahoo.com/markets/stocks/articles/hiw-q1-ffo-meets-estimates-150500531.html', 'summary': 'HIW Q1 FFO matches estimates as revenues beat on rent growth. Leasing hits 958k sq ft, with 19.4% GAAP rent gains.', 'pub_date': '2026-04-29T15:05:00Z', 'formatted_date': '04-29-2026'}]"
SGOV,[]
NXPI,[]
ELS,[]
STX,[]
XLV,[]
IGR,[]
JACK,[]
JPM,[]
KNF,[]
REGN,"[{'title': 'Regeneron Pharmaceuticals, Inc. Q1 2026 Earnings Call Summary', 'publisher': 'Moby', 'link': 'https://app.moby.co/home/research/tools/earningsCalendar/earnings-regeneron-pharmaceuticals-inc-q1-2026-earnings-call-summary?utm_source=yahoo_finance&utm_medium=rss', 'summary': ""Moby summary of Regeneron Pharmaceuticals, Inc.'s Q1 2026 earnings call"", 'pub_date': '2026-04-29T16:47:46Z', 'formatted_date': '04-29-2026'}]"
EPAM,[]
ELV,[]
LMRI,[]
URG,[]
ASML,[]
TRU,[]
BBBY,[]
RYTM,[]
CAKE,[]
TBBK,"[{'title': 'Bancorp Q1 Earnings Call Highlights', 'publisher': 'MarketBeat', 'link': 'https://www.marketbeat.com/instant-alerts/bancorp-q1-earnings-call-highlights-2026-04-27/?utm_source=yahoofinance&utm_medium=yahoofinance', 'summary': 'Bancorp (NASDAQ:TBBK) management used its first-quarter 2026 earnings call to highlight continued growth in its fintech-focused businesses, rapid expansion in credit sponsorship lending, and reiterated full-year earnings and capital return targets, while also providing updates on asset quality and a', 'pub_date': '2026-04-27T18:43:02Z', 'formatted_date': '04-27-2026'}]"
MSFT,[]
IDXX,[]
ALLO,[]
AUPH,[]
ASX,[]
WDAY,[]
AEIS,[]
MORN,[]
KW,[]
PHR,"[{'title': ""Can OptimizeRx's Cash Strength Cushion Near-Term Headwinds?"", 'publisher': 'Zacks', 'link': 'https://finance.yahoo.com/markets/stocks/articles/optimizerxs-cash-strength-cushion-near-140800059.html', 'summary': ""OPRX's rising cash flow, DAAP adoption and expanding pharma ties boost outlook despite near-term revenue softness and cautious client spending."", 'pub_date': '2026-04-21T14:08:00Z', 'formatted_date': '04-21-2026'}]"
SKT,[]
SBAC,[]
KEYS,[]
XRAY,[]
CBSH,[]
QBTS,[]
UAL,[]
DQ,"[{'title': 'Asian Equities Traded in the US as American Depositary Receipts Flat in Wednesday Trading', 'publisher': 'MT Newswires', 'link': 'https://finance.yahoo.com/markets/world-indices/articles/asian-equities-traded-us-american-143735897.html', 'summary': 'Asian equities traded in the US as American depositary receipts were little changed Wednesday mornin', 'pub_date': '2026-04-29T14:37:35Z', 'formatted_date': '04-29-2026'}]"
